CREATE DATABASE  IF NOT EXISTS `isdproject` /*!40100 DEFAULT CHARACTER SET utf8 COLLATE utf8_unicode_ci */;
USE `isdproject`;
-- MySQL dump 10.13  Distrib 5.6.17, for Win32 (x86)
--
-- Host: localhost    Database: isdproject
-- ------------------------------------------------------
-- Server version	5.1.60-community

/*!40101 SET @OLD_CHARACTER_SET_CLIENT=@@CHARACTER_SET_CLIENT */;
/*!40101 SET @OLD_CHARACTER_SET_RESULTS=@@CHARACTER_SET_RESULTS */;
/*!40101 SET @OLD_COLLATION_CONNECTION=@@COLLATION_CONNECTION */;
/*!40101 SET NAMES utf8 */;
/*!40103 SET @OLD_TIME_ZONE=@@TIME_ZONE */;
/*!40103 SET TIME_ZONE='+00:00' */;
/*!40014 SET @OLD_UNIQUE_CHECKS=@@UNIQUE_CHECKS, UNIQUE_CHECKS=0 */;
/*!40014 SET @OLD_FOREIGN_KEY_CHECKS=@@FOREIGN_KEY_CHECKS, FOREIGN_KEY_CHECKS=0 */;
/*!40101 SET @OLD_SQL_MODE=@@SQL_MODE, SQL_MODE='NO_AUTO_VALUE_ON_ZERO' */;
/*!40111 SET @OLD_SQL_NOTES=@@SQL_NOTES, SQL_NOTES=0 */;

--
-- Table structure for table `ad_customers`
--

DROP TABLE IF EXISTS `ad_customers`;
/*!40101 SET @saved_cs_client     = @@character_set_client */;
/*!40101 SET character_set_client = utf8 */;
CREATE TABLE `ad_customers` (
  `id` int(11) NOT NULL AUTO_INCREMENT,
  `name` varchar(255) COLLATE utf8_unicode_ci DEFAULT NULL,
  `address` varchar(255) COLLATE utf8_unicode_ci DEFAULT NULL,
  `email` varchar(255) COLLATE utf8_unicode_ci DEFAULT NULL,
  `phone` varchar(255) COLLATE utf8_unicode_ci DEFAULT NULL,
  `credit_card` varchar(255) COLLATE utf8_unicode_ci DEFAULT NULL,
  `created_at` datetime DEFAULT NULL,
  `updated_at` datetime DEFAULT NULL,
  PRIMARY KEY (`id`)
) ENGINE=InnoDB AUTO_INCREMENT=4 DEFAULT CHARSET=utf8 COLLATE=utf8_unicode_ci;
/*!40101 SET character_set_client = @saved_cs_client */;

--
-- Dumping data for table `ad_customers`
--

LOCK TABLES `ad_customers` WRITE;
/*!40000 ALTER TABLE `ad_customers` DISABLE KEYS */;
INSERT INTO `ad_customers` VALUES (1,'Nguyễn Đăng Hùng','Hà Đông-Hà Nội','danghung2551993@gmail.com','01666157993','234902099990','2015-01-10 07:26:35','2015-01-10 07:26:35'),(2,'Nguyễn Thế Anh','Phú xuyên-Hà Đông','theanh@gmail.com','0988232323','38909823808','2015-01-10 07:27:36','2015-01-10 07:27:36'),(3,'Đặng Huỳnh Nam','Quang Trung - Hà Nội','huynhnam@gmail.com','0164987463','0923823747466','2015-01-10 07:29:07','2015-01-10 07:29:07');
/*!40000 ALTER TABLE `ad_customers` ENABLE KEYS */;
UNLOCK TABLES;

--
-- Table structure for table `ad_locations`
--

DROP TABLE IF EXISTS `ad_locations`;
/*!40101 SET @saved_cs_client     = @@character_set_client */;
/*!40101 SET character_set_client = utf8 */;
CREATE TABLE `ad_locations` (
  `id` int(11) NOT NULL AUTO_INCREMENT,
  `name` varchar(255) COLLATE utf8_unicode_ci DEFAULT NULL,
  `image` varchar(255) COLLATE utf8_unicode_ci DEFAULT NULL,
  `ordered` tinyint(1) DEFAULT NULL,
  `created_at` datetime DEFAULT NULL,
  `updated_at` datetime DEFAULT NULL,
  PRIMARY KEY (`id`)
) ENGINE=InnoDB AUTO_INCREMENT=16 DEFAULT CHARSET=utf8 COLLATE=utf8_unicode_ci;
/*!40101 SET character_set_client = @saved_cs_client */;

--
-- Dumping data for table `ad_locations`
--

LOCK TABLES `ad_locations` WRITE;
/*!40000 ALTER TABLE `ad_locations` DISABLE KEYS */;
INSERT INTO `ad_locations` VALUES (1,'Top','2011eb-c-468x90_1416456055.jpg',1,'2015-01-08 04:34:44','2015-01-12 10:31:27'),(2,'Sidebar 1st - Trang chuyên mục báo','sb_1418724449_728.jpg',1,'2015-01-08 04:34:44','2015-01-12 10:01:33'),(3,'Sidebar 1st - Trang chi tiết báo','sb_1419408703_714.jpg',1,'2015-01-08 04:34:44','2015-01-12 10:04:39'),(4,'Sidebar 1st - Trang danh sách video','sb_1419408807_289.jpg',1,'2015-01-08 04:34:44','2015-01-12 10:06:41'),(5,'Sidebar 1st - Trang danh sách blog','wd-feature-shop-banner.jpg',1,'2015-01-08 04:34:44','2015-01-12 10:08:26'),(6,'Sidebar 1st - Trang chi tiết blog','sb_1419408807_289.jpg',1,'2015-01-08 04:34:44','2015-01-12 10:10:32'),(7,'Sidebar 2nd - Trang nhất','top2.jpg',1,'2015-01-08 04:34:44','2015-01-12 09:59:32'),(8,'Sidebar 2nd - Trang chuyên mục báo','sb_1419408632_904.jpg',1,'2015-01-08 04:34:45','2015-01-12 10:02:36'),(9,'Sidebar 2nd - Trang chi tiết báo','sb_1419408748_81.jpg',1,'2015-01-08 04:34:45','2015-01-12 10:05:37'),(10,'Sidebar 2nd - Trang danh sách video','sb_1420683385_751.jpg',1,'2015-01-08 04:34:45','2015-01-12 10:07:26'),(11,'Sidebar 2nd - Trang danh sách blog','top1.jpg',1,'2015-01-08 04:34:45','2015-01-12 10:09:23'),(12,'Sidebar 2nd - Trang chi tiết blog','sb_1419408497_705.jpg',1,'2015-01-08 04:34:45','2015-01-12 10:11:26'),(13,'Sidebar 1st - Trang nhất','top1.jpg',1,'2015-01-08 04:34:45','2015-01-12 09:59:01'),(14,'Sidebar 1st - Trang search','sb_1418724449_728.jpg',1,'2015-01-08 04:34:45','2015-01-12 10:12:09'),(15,'Sidebar 2nd - Trang search','sb_1419408632_904.jpg',1,'2015-01-08 04:34:45','2015-01-12 10:12:47');
/*!40000 ALTER TABLE `ad_locations` ENABLE KEYS */;
UNLOCK TABLES;

--
-- Table structure for table `ad_orders`
--

DROP TABLE IF EXISTS `ad_orders`;
/*!40101 SET @saved_cs_client     = @@character_set_client */;
/*!40101 SET character_set_client = utf8 */;
CREATE TABLE `ad_orders` (
  `id` int(11) NOT NULL AUTO_INCREMENT,
  `ad_customer_id` int(11) DEFAULT NULL,
  `ad_location_id` int(11) DEFAULT NULL,
  `started_date` datetime DEFAULT NULL,
  `expired_date` datetime DEFAULT NULL,
  `cost` float DEFAULT NULL,
  `image` varchar(255) COLLATE utf8_unicode_ci DEFAULT NULL,
  `created_at` datetime DEFAULT NULL,
  `updated_at` datetime DEFAULT NULL,
  PRIMARY KEY (`id`)
) ENGINE=InnoDB AUTO_INCREMENT=17 DEFAULT CHARSET=utf8 COLLATE=utf8_unicode_ci;
/*!40101 SET character_set_client = @saved_cs_client */;

--
-- Dumping data for table `ad_orders`
--

LOCK TABLES `ad_orders` WRITE;
/*!40000 ALTER TABLE `ad_orders` DISABLE KEYS */;
INSERT INTO `ad_orders` VALUES (2,1,7,'2015-01-11 00:00:00','2015-03-22 00:00:00',100000,'top2.jpg','2015-01-10 07:50:50','2015-01-12 09:59:32'),(3,1,13,'2015-01-11 00:00:00','2015-05-13 00:00:00',150000,'top1.jpg','2015-01-10 08:48:42','2015-01-12 09:59:02'),(4,1,1,'2015-01-10 00:00:00','2015-04-22 00:00:00',100000,'top.gif','2015-01-10 09:03:01','2015-01-10 09:03:01'),(5,1,2,'2015-01-13 00:00:00','2015-04-16 00:00:00',70000,'sb_1418724449_728.jpg','2015-01-12 10:01:33','2015-01-12 10:01:33'),(6,1,8,'2015-01-13 00:00:00','2015-04-02 00:00:00',80000,'sb_1419408632_904.jpg','2015-01-12 10:02:36','2015-01-12 10:02:36'),(7,2,3,'2015-01-14 00:00:00','2015-05-14 00:00:00',50000,'sb_1419408703_714.jpg','2015-01-12 10:04:39','2015-01-12 10:04:39'),(8,1,9,'2015-01-12 00:00:00','2015-05-13 00:00:00',40000,'sb_1419408748_81.jpg','2015-01-12 10:05:37','2015-01-12 10:05:37'),(9,1,4,'2015-01-12 00:00:00','2015-05-08 00:00:00',90000,'sb_1419408807_289.jpg','2015-01-12 10:06:41','2015-01-12 10:06:41'),(10,3,10,'2015-01-12 00:00:00','2015-05-01 00:00:00',80000,'sb_1420683385_751.jpg','2015-01-12 10:07:26','2015-01-12 10:07:26'),(11,1,5,'2015-01-12 00:00:00','2015-04-09 00:00:00',55000,'wd-feature-shop-banner.jpg','2015-01-12 10:08:26','2015-01-12 10:08:26'),(12,2,11,'2015-01-12 00:00:00','2015-05-28 00:00:00',90000,'top1.jpg','2015-01-12 10:09:23','2015-01-12 10:09:23'),(13,1,6,'2015-01-12 00:00:00','2015-03-20 00:00:00',80000,'sb_1419408807_289.jpg','2015-01-12 10:10:32','2015-01-12 10:10:32'),(14,1,12,'2015-01-12 00:00:00','2015-04-17 00:00:00',60000,'sb_1419408497_705.jpg','2015-01-12 10:11:26','2015-01-12 10:11:26'),(15,1,14,'2015-01-12 00:00:00','2015-03-13 00:00:00',40000,'sb_1418724449_728.jpg','2015-01-12 10:12:09','2015-01-12 10:12:09'),(16,1,15,'2015-01-12 00:00:00','2015-05-15 00:00:00',50000,'sb_1419408632_904.jpg','2015-01-12 10:12:47','2015-01-12 10:12:47');
/*!40000 ALTER TABLE `ad_orders` ENABLE KEYS */;
UNLOCK TABLES;

--
-- Table structure for table `ad_price_lists`
--

DROP TABLE IF EXISTS `ad_price_lists`;
/*!40101 SET @saved_cs_client     = @@character_set_client */;
/*!40101 SET character_set_client = utf8 */;
CREATE TABLE `ad_price_lists` (
  `id` int(11) NOT NULL AUTO_INCREMENT,
  `price` float DEFAULT NULL,
  `duration` varchar(255) COLLATE utf8_unicode_ci DEFAULT NULL,
  `ad_location_id` int(11) DEFAULT NULL,
  `created_at` datetime DEFAULT NULL,
  `updated_at` datetime DEFAULT NULL,
  PRIMARY KEY (`id`)
) ENGINE=InnoDB AUTO_INCREMENT=4 DEFAULT CHARSET=utf8 COLLATE=utf8_unicode_ci;
/*!40101 SET character_set_client = @saved_cs_client */;

--
-- Dumping data for table `ad_price_lists`
--

LOCK TABLES `ad_price_lists` WRITE;
/*!40000 ALTER TABLE `ad_price_lists` DISABLE KEYS */;
INSERT INTO `ad_price_lists` VALUES (1,200000,'3 Tháng',1,'2015-01-12 10:17:23','2015-01-12 10:17:23'),(2,100000,'3 Tháng',2,'2015-01-12 10:17:52','2015-01-12 10:17:52'),(3,150000,'3 Tháng',4,'2015-01-12 10:28:17','2015-01-12 10:28:17');
/*!40000 ALTER TABLE `ad_price_lists` ENABLE KEYS */;
UNLOCK TABLES;

--
-- Table structure for table `versions`
--

DROP TABLE IF EXISTS `versions`;
/*!40101 SET @saved_cs_client     = @@character_set_client */;
/*!40101 SET character_set_client = utf8 */;
CREATE TABLE `versions` (
  `id` int(11) NOT NULL AUTO_INCREMENT,
  `item_type` varchar(255) COLLATE utf8_unicode_ci NOT NULL,
  `item_id` int(11) NOT NULL,
  `event` varchar(255) COLLATE utf8_unicode_ci NOT NULL,
  `whodunnit` varchar(255) COLLATE utf8_unicode_ci DEFAULT NULL,
  `object` text COLLATE utf8_unicode_ci,
  `created_at` datetime DEFAULT NULL,
  PRIMARY KEY (`id`),
  KEY `index_versions_on_item_type_and_item_id` (`item_type`,`item_id`)
) ENGINE=InnoDB AUTO_INCREMENT=15 DEFAULT CHARSET=utf8 COLLATE=utf8_unicode_ci;
/*!40101 SET character_set_client = @saved_cs_client */;

--
-- Dumping data for table `versions`
--

LOCK TABLES `versions` WRITE;
/*!40000 ALTER TABLE `versions` DISABLE KEYS */;
INSERT INTO `versions` VALUES (1,'Article',1,'create','1',NULL,'2015-01-08 04:57:09'),(2,'Article',1,'update','1','---\nid: 1\ntitle: \"ádasd\"\ndescription: \"ádasd\"\ncontent: \"<p>đ&acirc;sdasdasd</p>\\r\\n\"\nadmin_user_id: 1\nimage: avatar.png\nstatus_id: 2\nauthor: \"ádasdas\"\ncreated_at: 2015-01-08 04:57:09.000000000 Z\nupdated_at: 2015-01-08 04:57:09.000000000 Z\n','2015-01-08 16:25:13'),(3,'Article',1,'update','1','---\nid: 1\ntitle: \"ádasd\"\ndescription: \"ádasd\"\ncontent: \"<p>đ&acirc;sdasdasd</p>\\r\\n\"\nadmin_user_id: 1\nimage: !ruby/object:ImageUploader\n  model: !ruby/object:Article\n    attributes:\n      id: 1\n      title: Ngây ngất trước vòng 1 căng tròn bên smartphone\n      description: Ngây ngất trước vòng 1 căng tròn bên smartphone\n      content: \"<p>đ&acirc;sdasdasd</p>\\r\\n\"\n      admin_user_id: 1\n      image: 1420797643-1177627.jpg\n      status_id: 3\n      author: Nguyễn Đăng Hùng\n      created_at: &1 2015-01-08 04:57:09.000000000 Z\n      updated_at: &2 2015-01-10 09:19:15.494371000 Z\n  mounted_as: :image\n  storage: &3 !ruby/object:CarrierWave::Storage::File\n    uploader: !ruby/object:ImageUploader\n      model: !ruby/object:Article\n        attributes:\n          id: 1\n          title: Ngây ngất trước vòng 1 căng tròn bên smartphone\n          description: Ngây ngất trước vòng 1 căng tròn bên smartphone\n          content: \"<p>đ&acirc;sdasdasd</p>\\r\\n\"\n          admin_user_id: 1\n          image: 1420797643-1177627.jpg\n          status_id: 3\n          author: Nguyễn Đăng Hùng\n          created_at: *1\n          updated_at: *2\n      mounted_as: :image\n      storage: *3\n      file: !ruby/object:CarrierWave::SanitizedFile\n        file: F:/Git Hub/Projects/ISDProject/public/uploads/tmp/1420881555-5728-6947/1420797643-1177627.jpg\n        original_filename: \n        content_type: image/jpeg\n      versions: &4 {}\n      cache_id: 1420881555-5728-6947\n      filename: 1420797643-1177627.jpg\n      original_filename: 1420797643-1177627.jpg\n  file: !ruby/object:CarrierWave::SanitizedFile\n    file: F:/Git Hub/Projects/ISDProject/public/uploads/article/image/1/avatar.png\n    original_filename: \n    content_type: \n  versions: *4\nstatus_id: 3\nauthor: \"ádasdas\"\ncreated_at: *1\nupdated_at: 2015-01-08 16:25:13.000000000 Z\n','2015-01-10 09:19:15'),(4,'Article',2,'create','1',NULL,'2015-01-10 09:25:03'),(5,'Article',2,'update','1','---\nid: 2\ntitle: \"“Võ Tắc Thiên” Phạm Băng Băng đã hóa thiên nga thế nào?\"\ndescription: Cùng xem hành trình lột xác đầy ngỡ ngàng của \"Võ Tắc Thiên\" Phạm Băng\n  Băng.\ncontent: \"<div class=\\\"text-conent\\\" style=\\\"font-family: Arial, Helvetica, sans-serif;\n  font-size: 12px; text-align: justify; color: rgb(0, 0, 0); font-style: normal; font-variant:\n  normal; font-weight: normal; letter-spacing: normal; line-height: normal; orphans:\n  auto; text-indent: 0px; text-transform: none; white-space: normal; widows: 1; word-spacing:\n  0px; -webkit-text-stroke-width: 0px; background-color: rgb(255, 255, 255);\\\">\\r\\n<p>C&aacute;i\n  t&ecirc;n Phạm Băng Băng hiện đang rất &quot;hot&quot; sau m&agrave;n h&oacute;a\n  th&acirc;n th&agrave;nh nh&acirc;n vật V&otilde; Tắc Thi&ecirc;n. Chưa b&agrave;n\n  đến vấn đề diễn xuất, tạo h&igrave;nh của nhan sắc 33 tuổi trong bộ phim n&agrave;y\n  khiến người xem ng&acirc;y ngất v&igrave; qu&aacute; xinh đẹp. Kh&ocirc;ng chỉ thế,\n  những trang phục sử dụng cũng đầy gợi cảm t&ocirc;n vinh hết mực v&ograve;ng 1 của\n  Phạm Băng Băng c&ugrave;ng d&agrave;n diễn vi&ecirc;n nữ.</p>\\r\\n\\r\\n<p><img alt=\\\"“Võ\n  Tắc Thiên” Phạm Băng Băng đã hóa thiên nga thế nào? - 1\\\" class=\\\"news-image\\\" src=\\\"http://24h-img.24hstatic.com/upload/1-2015/images/2015-01-10/1420874761-cveftoc18_vwqi.jpg\\\"\n  style=\\\"border:0px; font-family:arial,helvetica,sans-serif; font-size:12px; max-width:400px\\\"\n  /></p>\\r\\n\\r\\n<p style=\\\"text-align:center\\\">Phạm Băng Băng xinh đẹp v&agrave; quyến\n  rũ trong tạo h&igrave;nh V&otilde; Tắc Thi&ecirc;n</p>\\r\\n\\r\\n<p>Để trở th&agrave;nh\n  một trong những hoa đ&aacute;n xinh đẹp bậc nhất l&agrave;ng giải tr&iacute; Trung\n  Quốc, Phạm Băng Băng cũng từng trải qua thời kỳ c&oacute; phần qu&ecirc; m&ugrave;a\n  v&agrave; kh&ocirc;ng được bắt mắt.</p>\\r\\n\\r\\n<p>Thời đ&oacute;, ngo&agrave;i việc\n  hạn chế trong gu thẩm mỹ, trang điểm, l&agrave;n da kh&ocirc;ng được trắng ngọc\n  trắng ng&agrave; như hiện n&agrave;y cũng khiến người đẹp họ Phạm trở n&ecirc;n\n  k&eacute;m quyến rũ.</p>\\r\\n\\r\\n<p>C&ugrave;ng nh&igrave;n lại h&agrave;nh tr&igrave;nh\n  h&oacute;a thi&ecirc;n nga của Phạm Băng Băng:</p>\\r\\n\\r\\n<p><img alt=\\\"“Võ Tắc\n  Thiên” Phạm Băng Băng đã hóa thiên nga thế nào? - 2\\\" class=\\\"news-image\\\" src=\\\"http://24h-img.24hstatic.com/upload/1-2015/images/2015-01-10/1420874761-bujmtoc10_zkmm.jpg\\\"\n  style=\\\"border:0px; font-family:arial,helvetica,sans-serif; font-size:12px; max-width:400px\\\"\n  /></p>\\r\\n\\r\\n<p style=\\\"text-align:center\\\">Phạm Băng Băng đ&aacute;ng y&ecirc;u\n  ng&agrave;y b&eacute;</p>\\r\\n\\r\\n<p><img alt=\\\"“Võ Tắc Thiên” Phạm Băng Băng đã\n  hóa thiên nga thế nào? - 3\\\" class=\\\"news-image\\\" src=\\\"http://24h-img.24hstatic.com/upload/1-2015/images/2015-01-10/1420874761-uswctoc11_kwbp.jpg\\\"\n  style=\\\"border:0px; font-family:arial,helvetica,sans-serif; font-size:12px; max-width:400px\\\"\n  /></p>\\r\\n\\r\\n<p style=\\\"text-align:center\\\">Một Phạm Băng Băng mũm mĩm v&agrave;\n  kh&ocirc;ng hề bắt mắt</p>\\r\\n\\r\\n<p><img alt=\\\"“Võ Tắc Thiên” Phạm Băng Băng đã\n  hóa thiên nga thế nào? - 4\\\" class=\\\"news-image\\\" src=\\\"http://24h-img.24hstatic.com/upload/1-2015/images/2015-01-10/1420874761-kzwztoc13_npcu.jpg\\\"\n  style=\\\"border:0px; font-family:arial,helvetica,sans-serif; font-size:12px; max-width:400px\\\"\n  /></p>\\r\\n\\r\\n<p style=\\\"text-align:center\\\">Nữ diễn vi&ecirc;n họ Phạm ng&agrave;y\n  c&ograve;n c&oacute; sở hữu l&agrave;n da đen nhẻm, ăn mặc kh&ocirc;ng thời trang</p>\\r\\n\\r\\n<p><img\n  alt=\\\"“Võ Tắc Thiên” Phạm Băng Băng đã hóa thiên nga thế nào? - 5\\\" class=\\\"news-image\\\"\n  src=\\\"http://24h-img.24hstatic.com/upload/1-2015/images/2015-01-10/1420874761-dwkptoc5_dbgm.jpg\\\"\n  style=\\\"border:0px; font-family:arial,helvetica,sans-serif; font-size:12px; max-width:400px\\\"\n  /></p>\\r\\n\\r\\n<p style=\\\"text-align:center\\\">Lỗi trang điểm khiến Phạm Băng Băng\n  k&eacute;m quyến rũ</p>\\r\\n\\r\\n<p><img alt=\\\"“Võ Tắc Thiên” Phạm Băng Băng đã hóa\n  thiên nga thế nào? - 6\\\" class=\\\"news-image\\\" src=\\\"http://24h-img.24hstatic.com/upload/1-2015/images/2015-01-10/1420874761-glcrtoc6_sujo.jpg\\\"\n  style=\\\"border:0px; font-family:arial,helvetica,sans-serif; font-size:12px; max-width:400px\\\"\n  /></p>\\r\\n\\r\\n<p style=\\\"text-align:center\\\">Nhan sắc sinh năm 1983 được khen ngợi\n  c&oacute; đ&ocirc;i mắt đẹp</p>\\r\\n\\r\\n<p><img alt=\\\"“Võ Tắc Thiên” Phạm Băng Băng\n  đã hóa thiên nga thế nào? - 7\\\" class=\\\"news-image\\\" src=\\\"http://24h-img.24hstatic.com/upload/1-2015/images/2015-01-10/1420874762-jauttoc7_ujpo.jpg\\\"\n  style=\\\"border:0px; font-family:arial,helvetica,sans-serif; font-size:12px; max-width:400px\\\"\n  /></p>\\r\\n\\r\\n<p><img alt=\\\"“Võ Tắc Thiên” Phạm Băng Băng đã hóa thiên nga thế nào?\n  - 8\\\" class=\\\"news-image\\\" src=\\\"http://24h-img.24hstatic.com/upload/1-2015/images/2015-01-10/1420874762-cxiktoc8_rpry.jpg\\\"\n  style=\\\"border:0px; font-family:arial,helvetica,sans-serif; font-size:12px; max-width:400px\\\"\n  /></p>\\r\\n\\r\\n<p><img alt=\\\"“Võ Tắc Thiên” Phạm Băng Băng đã hóa thiên nga thế nào?\n  - 9\\\" class=\\\"news-image\\\" src=\\\"http://24h-img.24hstatic.com/upload/1-2015/images/2015-01-10/1420874762-sfigtoc9_yrrg.jpg\\\"\n  style=\\\"border:0px; font-family:arial,helvetica,sans-serif; font-size:12px; max-width:400px\\\"\n  /></p>\\r\\n\\r\\n<p style=\\\"text-align:center\\\">Nh&iacute; nhảnh với vai diễn Kim Tỏa\n  trong phim Tiểu Yến Tử</p>\\r\\n\\r\\n<p><img alt=\\\"“Võ Tắc Thiên” Phạm Băng Băng đã\n  hóa thiên nga thế nào? - 10\\\" class=\\\"news-image\\\" src=\\\"http://24h-img.24hstatic.com/upload/1-2015/images/2015-01-10/1420874762-uuahtoc2_qadl.jpg\\\"\n  style=\\\"border:0px; font-family:arial,helvetica,sans-serif; font-size:12px; max-width:400px\\\"\n  /></p>\\r\\n\\r\\n<p style=\\\"text-align:center\\\">Phạm Băng Băng c&oacute; khu&ocirc;n\n  mặt &quot;n&eacute;t n&agrave;o ra n&eacute;t đấy&quot;</p>\\r\\n\\r\\n<p><img alt=\\\"“Võ\n  Tắc Thiên” Phạm Băng Băng đã hóa thiên nga thế nào? - 11\\\" class=\\\"news-image\\\"\n  src=\\\"http://24h-img.24hstatic.com/upload/1-2015/images/2015-01-10/1420874762-oroytoc12_mhyb.jpg\\\"\n  style=\\\"border:0px; font-family:arial,helvetica,sans-serif; font-size:12px; max-width:400px\\\"\n  /></p>\\r\\n\\r\\n<p><img alt=\\\"“Võ Tắc Thiên” Phạm Băng Băng đã hóa thiên nga thế nào?\n  - 12\\\" class=\\\"news-image\\\" src=\\\"http://24h-img.24hstatic.com/upload/1-2015/images/2015-01-10/1420874762-hocptoc14_qepx.jpg\\\"\n  style=\\\"border:0px; font-family:arial,helvetica,sans-serif; font-size:12px; max-width:400px\\\"\n  /></p>\\r\\n\\r\\n<p style=\\\"text-align:center\\\">Sau thời gian hoạt động trong l&agrave;ng\n  giải tr&iacute;, Phạm Băng Băng ng&agrave;y c&agrave;ng đẹp v&agrave; lu&ocirc;n\n  chỉn chu cho vẻ bề ngo&agrave;i</p>\\r\\n\\r\\n<p><img alt=\\\"“Võ Tắc Thiên” Phạm Băng\n  Băng đã hóa thiên nga thế nào? - 13\\\" class=\\\"news-image\\\" src=\\\"http://24h-img.24hstatic.com/upload/1-2015/images/2015-01-10/1420874762-gohwtoc4_dfyd.jpg\\\"\n  style=\\\"border:0px; font-family:arial,helvetica,sans-serif; font-size:12px; max-width:400px\\\"\n  /></p>\\r\\n\\r\\n<p><img alt=\\\"“Võ Tắc Thiên” Phạm Băng Băng đã hóa thiên nga thế nào?\n  - 14\\\" class=\\\"news-image\\\" src=\\\"http://24h-img.24hstatic.com/upload/1-2015/images/2015-01-10/1420874763-zluntoc15_xzwh.jpg\\\"\n  style=\\\"border:0px; font-family:arial,helvetica,sans-serif; font-size:12px; max-width:400px\\\"\n  /></p>\\r\\n\\r\\n<p>&nbsp;</p>\\r\\n\\r\\n<div style=\\\"font-family: Arial, Helvetica, sans-serif;\n  font-size: 12px; text-align: center;\\\">Kh&ocirc;ng phải l&agrave; người mẫu chuy&ecirc;n\n  nghiệp song Phạm Băng Băng nhận được nhiều lời mời chụp ảnh v&agrave; quảng c&aacute;o</div>\\r\\n\\r\\n<p>&nbsp;</p>\\r\\n\\r\\n<p><img\n  alt=\\\"“Võ Tắc Thiên” Phạm Băng Băng đã hóa thiên nga thế nào? - 15\\\" class=\\\"news-image\\\"\n  src=\\\"http://24h-img.24hstatic.com/upload/1-2015/images/2015-01-10/1420874763-hceftoc1_shor.jpg\\\"\n  style=\\\"border:0px; font-family:arial,helvetica,sans-serif; font-size:12px; max-width:400px\\\"\n  /></p>\\r\\n\\r\\n<p style=\\\"text-align:center\\\"><span style=\\\"font-family:arial,helvetica,sans-serif;\n  font-size:0.9em\\\">Tạo h&igrave;nh n&oacute;ng bỏng trong phim</span></p>\\r\\n\\r\\n<p>&nbsp;</p>\\r\\n\\r\\n<p><img\n  alt=\\\"“Võ Tắc Thiên” Phạm Băng Băng đã hóa thiên nga thế nào? - 16\\\" class=\\\"news-image\\\"\n  src=\\\"http://24h-img.24hstatic.com/upload/1-2015/images/2015-01-10/1420874763-rhnltoc16_lptv.jpg\\\"\n  style=\\\"border:0px; font-family:arial,helvetica,sans-serif; font-size:12px; max-width:400px\\\"\n  /></p>\\r\\n\\r\\n<p><img alt=\\\"“Võ Tắc Thiên” Phạm Băng Băng đã hóa thiên nga thế nào?\n  - 17\\\" class=\\\"news-image\\\" src=\\\"http://24h-img.24hstatic.com/upload/1-2015/images/2015-01-10/1420874763-leabtoc17_ftwl.jpg\\\"\n  style=\\\"border:0px; font-family:arial,helvetica,sans-serif; font-size:12px; max-width:400px\\\"\n  /></p>\\r\\n\\r\\n<p style=\\\"text-align:center\\\">C&aacute;i t&ecirc;n Phạm Băng Băng\n  đang rất &quot;n&oacute;ng&quot; v&igrave; tạo h&igrave;nh tuyệt đẹp trong bộ phim\n  &quot;V&otilde; Tắc Thi&ecirc;n truyền kỳ&quot;</p>\\r\\n</div>\\r\\n\"\nadmin_user_id: 1\nimage: 2.jpg\nstatus_id: 2\nauthor: Nguyễn Đăng Hùng\ncreated_at: 2015-01-10 09:25:02.000000000 Z\nupdated_at: 2015-01-10 09:25:02.000000000 Z\n','2015-01-10 09:25:09'),(6,'Blog',1,'update','1','---\nid: 1\ntitle: Phụ nữ nên chọn “đôi giày” vừa chân thay vì sống kiếp tầm gửi\ndescription: Hãy cho phụ nữ một đôi giày vừa vặn, cô ý có thể chinh phục cả thế giới.\n  Đàn ông không phải tấm vé toàn năng đưa người phụ nữ đến hạnh phúc mà là chính đôi\n  chân của họ.\ncontent: \"<p>C&aacute;c b&aacute;c trong nh&agrave; lu&ocirc;n tặc lưỡi n&oacute;i\n  với em rằng: M&agrave;y học h&agrave;nh, l&agrave;m việc vất vả g&igrave; nhiều\n  cho mệt, con g&aacute;i chỉ cần lo kiếm được một tấm chồng gi&agrave;u c&oacute;\n  đ&agrave;ng ho&agrave;ng l&agrave; được rồi, giống như c&aacute;i n,m&hellip; nh&agrave;\n  b&aacute;c đ&acirc;y n&agrave;y, chỉ việc ở nh&agrave;, mua sắm rồi quản l&yacute;\n  tiền bạc của chồng, c&oacute; phải l&agrave;m g&igrave; đ&acirc;u&hellip;.</p>\\r\\n\\r\\n<p>V&agrave;\n  thế l&agrave; từ lớn đến b&eacute;, chả v&igrave; l&yacute; do, chẳng v&igrave;\n  ch&acirc;n l&yacute; đ&atilde; được kiểm chứng n&agrave;o, phụ nữ lu&ocirc;n được\n  mặc định l&agrave; phải sống b&aacute;m v&agrave;o đ&agrave;n &ocirc;ng giống như\n  lo&agrave;i tầm gửi mỏng manh, y&ecirc;u đuối phải nương v&agrave;o những c&acirc;y\n  cổ thụ cao to, vững chắc. C&acirc;y cổ thụ c&agrave;ng to, c&agrave;ng vươn cao\n  th&igrave; tầm gửi cũng c&agrave;ng h&uacute;t được nhiều chất dinh dưỡng v&agrave;\n  ph&aacute;t triển.</p>\\r\\n\\r\\n<p>Tất nhi&ecirc;n thực vật th&igrave; kh&ocirc;ng\n  c&oacute; gi&aacute;c quan, nhưng nếu c&oacute; suy nghĩ th&igrave; t&ocirc;i kh&ocirc;ng\n  biết tầm gửi liệu c&oacute; h&agrave;i l&ograve;ng với cuộc sống của m&igrave;nh?\n  Phải sống b&aacute;m v&agrave;o một th&acirc;n c&acirc;y, chia sẻ chỗ ở của m&igrave;nh\n  cho nhiều lo&agrave;i kh&aacute;c, nếu c&acirc;y cổ thụ kia chết đi th&igrave; bản\n  th&acirc;n cũng kh&ocirc;ng thể tồn tại. N&oacute;i t&oacute;m lại lo&agrave;i th&acirc;n\n  mềm đ&oacute; kh&ocirc;ng c&oacute; quyền quyết định cuộc sống của m&igrave;nh.</p>\\r\\n\\r\\n<p>9/10\n  phụ nữ khi được hỏi cũng sẽ đều trả lời rằng họ kh&ocirc;ng muốn sống cuộc sống\n  như vậy, nhưng kh&ocirc;ng phải ai cũng đủ can đảm thừa nhận v&agrave; đứng l&ecirc;n.\n  Phụ nữ thời nay, c&oacute; qu&aacute; nhiều r&agrave;ng buộc v&agrave; lệ thuộc,\n  n&agrave;o l&agrave; tiền bạc, kinh tế, t&acirc;m l&yacute;, đạo đức v&agrave; x&atilde;\n  hội&hellip; N&ecirc;n mặc d&ugrave; tr&agrave;n lan trong cuộc sống những c&acirc;u\n  chuyện về kết h&ocirc;n kh&ocirc;ng t&igrave;nh y&ecirc;u, bi kịch chồng cặp bồ\n  hay &ldquo;1001 kiểu h&ocirc;n nh&acirc;n kh&ocirc;ng hạnh ph&uacute;c với g&atilde;\n  chồng tồi&rdquo;, phụ nữ trừ đau khổ ra vẫn kh&ocirc;ng biết l&agrave;m g&igrave;,\n  c&oacute; lẽ bởi giấc mơ về một chỗ dựa vững chắc trước mọi gi&ocirc;ng b&atilde;o\n  cuộc đời nay lại l&agrave; l&yacute; do ch&iacute;nh đ&aacute;nh vỡ hạnh ph&uacute;c\n  của họ.</p>\\r\\n\\r\\n<p style=\\\"margin-left:120px\\\"><img alt=\\\"phu-nu-nen-chon-doi-giay-vua-chan-thay-vi-kiep-tam-gui\\\"\n  src=\\\"http://img.blogtamsu.vn/2015/01/12913845725982.jpg\\\" /></p>\\r\\n\\r\\n<p>&nbsp;</p>\\r\\n\\r\\n<p>&nbsp;</p>\\r\\n\\r\\n<p>&nbsp;</p>\\r\\n\\r\\n<p>&nbsp;</p>\\r\\n\\r\\n<p>&nbsp;</p>\\r\\n\\r\\n<p>&nbsp;</p>\\r\\n\\r\\n<p>&nbsp;</p>\\r\\n\\r\\n<p>&nbsp;</p>\\r\\n\\r\\n<p>&nbsp;</p>\\r\\n\\r\\n<p>&nbsp;</p>\\r\\n\\r\\n<p>&nbsp;</p>\\r\\n\\r\\n<p><strong>Đừng\n  đem cả cuộc sống của m&igrave;nh trao v&agrave;o tay người kh&aacute;c</strong></p>\\r\\n\\r\\n<p>T&ocirc;i\n  kh&ocirc;ng hiểu tại sao phụ nữ lu&ocirc;n đặt cược hạnh ph&uacute;c của m&igrave;nh\n  v&agrave;o tay người đ&agrave;n &ocirc;ng v&agrave; tại sao h&ocirc;n nh&acirc;n\n  lại c&oacute; thể trở th&agrave;nh canh bạc lớn nhất quyết định niềm hạnh ph&uacute;c\n  của cuộc đời họ. Nhưng liệu đ&agrave;n &ocirc;ng c&oacute; phải l&agrave; chiếc\n  ch&igrave;a kh&oacute;a vạn năng mở ra c&aacute;nh cửa thi&ecirc;n đường cho người\n  phụ nữ kh&ocirc;ng?</p>\\r\\n\\r\\n<p>Chị g&aacute;i t&ocirc;i kết h&ocirc;n với một\n  người đ&agrave;n &ocirc;ng th&agrave;nh đạt, hơn m&igrave;nh 1 gi&aacute;p từ khi\n  c&ograve;n rất trẻ. Ai cũng bảo chị phải may mắn lắm mới lấy được người như vậy.\n  Quả nhi&ecirc;n lấy anh chị chả phải l&agrave;m g&igrave; cả, kh&ocirc;ng giao lưu\n  với bạn b&egrave;, kh&ocirc;ng được tiếp tục học l&ecirc;n đại học v&agrave; c&oacute;\n  những hoạt động x&atilde; hội kh&aacute;c, chỉ quanh quẩn ở nh&agrave; qu&eacute;t\n  dọn v&agrave; sinh con. Rồi chả bao l&acirc;u anh cặp bồ b&ecirc;n ngo&agrave;i,\n  chị kh&oacute;c ngất l&ecirc;n khuy&ecirc;n giải kh&ocirc;ng được đ&agrave;nh nghĩ\n  đến việc ly dị, nhưng nghĩ đến m&igrave;nh kh&ocirc;ng bằng cấp, kh&ocirc;ng việc\n  l&agrave;m, sống nhờ phụ cấp của chồng, lại nghe mọi người khuy&ecirc;n rằng đ&agrave;n\n  &ocirc;ng năm th&ecirc; bảy thiếp l&agrave; chuyện b&igrave;nh thường n&ecirc;n\n  cũng đ&agrave;nh nuốt nước mắt sống qua ng&agrave;y.</p>\\r\\n\\r\\n<p>Nhưng c&acirc;y\n  muốn lặng m&agrave; gi&oacute; chẳng ngừng, một thời gian sau anh c&ocirc;ng khai\n  mang bạn g&aacute;i về, đ&oacute;i sống kiếp vợ cả vợ b&eacute;. Như ngọn n&uacute;i\n  lửa k&igrave;m n&eacute;n l&acirc;u ng&agrave;y tr&agrave;o ra, chị dứt kho&aacute;t\n  v&agrave; nhanh ch&oacute;ng&nbsp;<a href=\\\"http://blogtamsu.vn/tag/ly-hon\\\" style=\\\"margin:\n  0px; padding: 0px; text-rendering: optimizelegibility; text-decoration: none; color:\n  blue;\\\" target=\\\"_blank\\\" title=\\\"ly hôn\\\">ly h&ocirc;n</a>, gửi con cho mẹ đẻ,\n  cắn răng v&agrave;o miền Nam học việc từ c&ocirc; nh&acirc;n vi&ecirc;n cắt m&oacute;ng,\n  gội đầu. Một thời gian sau chị trở th&agrave;nh b&agrave; chủ của một salon c&oacute;\n  tiếng c&oacute; thể trang trải cho con v&agrave; ổn định cuộc sống của ch&iacute;nh\n  m&igrave;nh. Chả phải c&oacute; ai đ&oacute; đ&atilde; n&oacute;i đấy sao: H&atilde;y\n  cho phụ nữ một đ&ocirc;i gi&agrave;y vừa vặn, c&ocirc; &yacute; c&oacute; thể chinh\n  phục cả thế giới. Đ&agrave;n &ocirc;ng kh&ocirc;ng phải tấm v&eacute; to&agrave;n\n  năng đưa người phụ nữ đến hạnh ph&uacute;c m&agrave; l&agrave; ch&iacute;nh đ&ocirc;i\n  ch&acirc;n của họ.</p>\\r\\n\\r\\n<p><strong>Tự chủ v&agrave; ngọt ng&agrave;o</strong></p>\\r\\n\\r\\n<p>Phụ\n  nữ đ&atilde; tốn h&agrave;ng trăm năm để hỏi b&igrave;nh đằng giới v&agrave; nữ\n  quyền. Nữ quyền ở đ&acirc;y kh&ocirc;ng phải l&agrave; tr&egrave;o l&ecirc;n đầu\n  nam giới, hống h&aacute;ch qu&aacute;t th&aacute;o. Nữ quyền chỉ đơn giản l&agrave;\n  bạn c&oacute; quyền quyết định cuộc sống v&agrave; lựa chọn những điều l&agrave;m\n  m&igrave;nh hạnh ph&uacute;c. V&igrave; vậy đừng t&ugrave;y tiện v&agrave; cẩu thả\n  ph&oacute; mặc n&oacute; cho một người đ&agrave;n &ocirc;ng.</p>\\r\\n\\r\\n<p>Tuy nhi&ecirc;n\n  đ&agrave;n &ocirc;ng vẫn l&agrave; một mảnh gh&eacute;p v&ocirc; c&ugrave;ng quan\n  trọng trong bức tranh hạnh ph&uacute;c của người phụ nữ, vậy n&ecirc;n tự chủ ở\n  đ&acirc;y l&agrave; khi thấy một th&acirc;n c&acirc;y kh&ocirc;ng đủ vững chắc để\n  tựa v&agrave;o th&igrave; c&oacute; thể mạnh mẽ đứng dậy bước tiếp, đủ dũng cảm\n  viết một dấu chấm cho cuộc h&ocirc;n nh&acirc;n kh&ocirc;ng hạnh ph&uacute;c, kh&ocirc;ng\n  chằm chằm nh&igrave;n v&agrave;o điện thoại kh&oacute;c nức nở khi người ấy kh&ocirc;ng\n  gọi điện, hoặc đơn giản nhất l&agrave; khi ch&agrave;ng trai của bạn bận, thay v&igrave;\n  thao thức v&agrave; chờ đợi th&igrave; c&oacute; thể chui v&agrave;o chiếc &aacute;o\n  của anh ấy, cuốn n&oacute; quanh m&igrave;nh v&agrave; mỉm cười, ngủ thật ngon.</p>\\r\\n\\r\\n<p>Bạn\n  biết kh&ocirc;ng? Một c&ocirc; g&aacute;i độc lập v&agrave; mạnh mẽ l&agrave; m&oacute;n\n  qu&agrave; ngọt ng&agrave;o nhất thượng đế trao cho ch&iacute;nh c&ocirc; ấy v&agrave;\n  ch&agrave;ng trai của m&igrave;nh.</p>\\r\\n\"\nimage: b12.jpg\nblogger_id: 2\nstatus: Duyệt\nauthor: Giadinhonline\ncreated_at: 2015-01-11 10:09:13.000000000 Z\nupdated_at: 2015-01-11 11:08:21.000000000 Z\n','2015-01-12 09:22:31'),(7,'Blog',1,'update','1','---\nid: 1\ntitle: Phụ nữ nên chọn “đôi giày” vừa chân thay vì sống kiếp tầm gửi\ndescription: Hãy cho phụ nữ một đôi giày vừa vặn, cô ý có thể chinh phục cả thế giới.\n  Đàn ông không phải tấm vé toàn năng đưa người phụ nữ đến hạnh phúc mà là chính đôi\n  chân của họ.\ncontent: \"<p>C&aacute;c b&aacute;c trong nh&agrave; lu&ocirc;n tặc lưỡi n&oacute;i\n  với em rằng: M&agrave;y học h&agrave;nh, l&agrave;m việc vất vả g&igrave; nhiều\n  cho mệt, con g&aacute;i chỉ cần lo kiếm được một tấm chồng gi&agrave;u c&oacute;\n  đ&agrave;ng ho&agrave;ng l&agrave; được rồi, giống như c&aacute;i n,m&hellip; nh&agrave;\n  b&aacute;c đ&acirc;y n&agrave;y, chỉ việc ở nh&agrave;, mua sắm rồi quản l&yacute;\n  tiền bạc của chồng, c&oacute; phải l&agrave;m g&igrave; đ&acirc;u&hellip;.</p>\\r\\n\\r\\n<p>V&agrave;\n  thế l&agrave; từ lớn đến b&eacute;, chả v&igrave; l&yacute; do, chẳng v&igrave;\n  ch&acirc;n l&yacute; đ&atilde; được kiểm chứng n&agrave;o, phụ nữ lu&ocirc;n được\n  mặc định l&agrave; phải sống b&aacute;m v&agrave;o đ&agrave;n &ocirc;ng giống như\n  lo&agrave;i tầm gửi mỏng manh, y&ecirc;u đuối phải nương v&agrave;o những c&acirc;y\n  cổ thụ cao to, vững chắc. C&acirc;y cổ thụ c&agrave;ng to, c&agrave;ng vươn cao\n  th&igrave; tầm gửi cũng c&agrave;ng h&uacute;t được nhiều chất dinh dưỡng v&agrave;\n  ph&aacute;t triển.</p>\\r\\n\\r\\n<p>Tất nhi&ecirc;n thực vật th&igrave; kh&ocirc;ng\n  c&oacute; gi&aacute;c quan, nhưng nếu c&oacute; suy nghĩ th&igrave; t&ocirc;i kh&ocirc;ng\n  biết tầm gửi liệu c&oacute; h&agrave;i l&ograve;ng với cuộc sống của m&igrave;nh?\n  Phải sống b&aacute;m v&agrave;o một th&acirc;n c&acirc;y, chia sẻ chỗ ở của m&igrave;nh\n  cho nhiều lo&agrave;i kh&aacute;c, nếu c&acirc;y cổ thụ kia chết đi th&igrave; bản\n  th&acirc;n cũng kh&ocirc;ng thể tồn tại. N&oacute;i t&oacute;m lại lo&agrave;i th&acirc;n\n  mềm đ&oacute; kh&ocirc;ng c&oacute; quyền quyết định cuộc sống của m&igrave;nh.</p>\\r\\n\\r\\n<p>9/10\n  phụ nữ khi được hỏi cũng sẽ đều trả lời rằng họ kh&ocirc;ng muốn sống cuộc sống\n  như vậy, nhưng kh&ocirc;ng phải ai cũng đủ can đảm thừa nhận v&agrave; đứng l&ecirc;n.\n  Phụ nữ thời nay, c&oacute; qu&aacute; nhiều r&agrave;ng buộc v&agrave; lệ thuộc,\n  n&agrave;o l&agrave; tiền bạc, kinh tế, t&acirc;m l&yacute;, đạo đức v&agrave; x&atilde;\n  hội&hellip; N&ecirc;n mặc d&ugrave; tr&agrave;n lan trong cuộc sống những c&acirc;u\n  chuyện về kết h&ocirc;n kh&ocirc;ng t&igrave;nh y&ecirc;u, bi kịch chồng cặp bồ\n  hay &ldquo;1001 kiểu h&ocirc;n nh&acirc;n kh&ocirc;ng hạnh ph&uacute;c với g&atilde;\n  chồng tồi&rdquo;, phụ nữ trừ đau khổ ra vẫn kh&ocirc;ng biết l&agrave;m g&igrave;,\n  c&oacute; lẽ bởi giấc mơ về một chỗ dựa vững chắc trước mọi gi&ocirc;ng b&atilde;o\n  cuộc đời nay lại l&agrave; l&yacute; do ch&iacute;nh đ&aacute;nh vỡ hạnh ph&uacute;c\n  của họ.</p>\\r\\n\\r\\n<p style=\\\"margin-left: 200px;\\\"><img alt=\\\"phu-nu-nen-chon-doi-giay-vua-chan-thay-vi-kiep-tam-gui\\\"\n  src=\\\"http://img.blogtamsu.vn/2015/01/12913845725982.jpg\\\" /></p>\\r\\n\\r\\n<p><strong\n  style=\\\"line-height:1.6em\\\">Đừng đem cả cuộc sống của m&igrave;nh trao v&agrave;o\n  tay người kh&aacute;c</strong></p>\\r\\n\\r\\n<p>T&ocirc;i kh&ocirc;ng hiểu tại sao\n  phụ nữ lu&ocirc;n đặt cược hạnh ph&uacute;c của m&igrave;nh v&agrave;o tay người\n  đ&agrave;n &ocirc;ng v&agrave; tại sao h&ocirc;n nh&acirc;n lại c&oacute; thể trở\n  th&agrave;nh canh bạc lớn nhất quyết định niềm hạnh ph&uacute;c của cuộc đời họ.\n  Nhưng liệu đ&agrave;n &ocirc;ng c&oacute; phải l&agrave; chiếc ch&igrave;a kh&oacute;a\n  vạn năng mở ra c&aacute;nh cửa thi&ecirc;n đường cho người phụ nữ kh&ocirc;ng?</p>\\r\\n\\r\\n<p>Chị\n  g&aacute;i t&ocirc;i kết h&ocirc;n với một người đ&agrave;n &ocirc;ng th&agrave;nh\n  đạt, hơn m&igrave;nh 1 gi&aacute;p từ khi c&ograve;n rất trẻ. Ai cũng bảo chị phải\n  may mắn lắm mới lấy được người như vậy. Quả nhi&ecirc;n lấy anh chị chả phải l&agrave;m\n  g&igrave; cả, kh&ocirc;ng giao lưu với bạn b&egrave;, kh&ocirc;ng được tiếp tục\n  học l&ecirc;n đại học v&agrave; c&oacute; những hoạt động x&atilde; hội kh&aacute;c,\n  chỉ quanh quẩn ở nh&agrave; qu&eacute;t dọn v&agrave; sinh con. Rồi chả bao l&acirc;u\n  anh cặp bồ b&ecirc;n ngo&agrave;i, chị kh&oacute;c ngất l&ecirc;n khuy&ecirc;n giải\n  kh&ocirc;ng được đ&agrave;nh nghĩ đến việc ly dị, nhưng nghĩ đến m&igrave;nh kh&ocirc;ng\n  bằng cấp, kh&ocirc;ng việc l&agrave;m, sống nhờ phụ cấp của chồng, lại nghe mọi\n  người khuy&ecirc;n rằng đ&agrave;n &ocirc;ng năm th&ecirc; bảy thiếp l&agrave; chuyện\n  b&igrave;nh thường n&ecirc;n cũng đ&agrave;nh nuốt nước mắt sống qua ng&agrave;y.</p>\\r\\n\\r\\n<p>Nhưng\n  c&acirc;y muốn lặng m&agrave; gi&oacute; chẳng ngừng, một thời gian sau anh c&ocirc;ng\n  khai mang bạn g&aacute;i về, đ&oacute;i sống kiếp vợ cả vợ b&eacute;. Như ngọn n&uacute;i\n  lửa k&igrave;m n&eacute;n l&acirc;u ng&agrave;y tr&agrave;o ra, chị dứt kho&aacute;t\n  v&agrave; nhanh ch&oacute;ng&nbsp;<a href=\\\"http://blogtamsu.vn/tag/ly-hon\\\" style=\\\"margin:\n  0px; padding: 0px; text-rendering: optimizelegibility; text-decoration: none; color:\n  blue;\\\" target=\\\"_blank\\\" title=\\\"ly hôn\\\">ly h&ocirc;n</a>, gửi con cho mẹ đẻ,\n  cắn răng v&agrave;o miền Nam học việc từ c&ocirc; nh&acirc;n vi&ecirc;n cắt m&oacute;ng,\n  gội đầu. Một thời gian sau chị trở th&agrave;nh b&agrave; chủ của một salon c&oacute;\n  tiếng c&oacute; thể trang trải cho con v&agrave; ổn định cuộc sống của ch&iacute;nh\n  m&igrave;nh. Chả phải c&oacute; ai đ&oacute; đ&atilde; n&oacute;i đấy sao: H&atilde;y\n  cho phụ nữ một đ&ocirc;i gi&agrave;y vừa vặn, c&ocirc; &yacute; c&oacute; thể chinh\n  phục cả thế giới. Đ&agrave;n &ocirc;ng kh&ocirc;ng phải tấm v&eacute; to&agrave;n\n  năng đưa người phụ nữ đến hạnh ph&uacute;c m&agrave; l&agrave; ch&iacute;nh đ&ocirc;i\n  ch&acirc;n của họ.</p>\\r\\n\\r\\n<p><strong>Tự chủ v&agrave; ngọt ng&agrave;o</strong></p>\\r\\n\\r\\n<p>Phụ\n  nữ đ&atilde; tốn h&agrave;ng trăm năm để hỏi b&igrave;nh đằng giới v&agrave; nữ\n  quyền. Nữ quyền ở đ&acirc;y kh&ocirc;ng phải l&agrave; tr&egrave;o l&ecirc;n đầu\n  nam giới, hống h&aacute;ch qu&aacute;t th&aacute;o. Nữ quyền chỉ đơn giản l&agrave;\n  bạn c&oacute; quyền quyết định cuộc sống v&agrave; lựa chọn những điều l&agrave;m\n  m&igrave;nh hạnh ph&uacute;c. V&igrave; vậy đừng t&ugrave;y tiện v&agrave; cẩu thả\n  ph&oacute; mặc n&oacute; cho một người đ&agrave;n &ocirc;ng.</p>\\r\\n\\r\\n<p>Tuy nhi&ecirc;n\n  đ&agrave;n &ocirc;ng vẫn l&agrave; một mảnh gh&eacute;p v&ocirc; c&ugrave;ng quan\n  trọng trong bức tranh hạnh ph&uacute;c của người phụ nữ, vậy n&ecirc;n tự chủ ở\n  đ&acirc;y l&agrave; khi thấy một th&acirc;n c&acirc;y kh&ocirc;ng đủ vững chắc để\n  tựa v&agrave;o th&igrave; c&oacute; thể mạnh mẽ đứng dậy bước tiếp, đủ dũng cảm\n  viết một dấu chấm cho cuộc h&ocirc;n nh&acirc;n kh&ocirc;ng hạnh ph&uacute;c, kh&ocirc;ng\n  chằm chằm nh&igrave;n v&agrave;o điện thoại kh&oacute;c nức nở khi người ấy kh&ocirc;ng\n  gọi điện, hoặc đơn giản nhất l&agrave; khi ch&agrave;ng trai của bạn bận, thay v&igrave;\n  thao thức v&agrave; chờ đợi th&igrave; c&oacute; thể chui v&agrave;o chiếc &aacute;o\n  của anh ấy, cuốn n&oacute; quanh m&igrave;nh v&agrave; mỉm cười, ngủ thật ngon.</p>\\r\\n\\r\\n<p>Bạn\n  biết kh&ocirc;ng? Một c&ocirc; g&aacute;i độc lập v&agrave; mạnh mẽ l&agrave; m&oacute;n\n  qu&agrave; ngọt ng&agrave;o nhất thượng đế trao cho ch&iacute;nh c&ocirc; ấy v&agrave;\n  ch&agrave;ng trai của m&igrave;nh.</p>\\r\\n\"\nimage: b12.jpg\nblogger_id: 2\nstatus: Duyệt\nauthor: Giadinhonline\ncreated_at: 2015-01-11 10:09:13.000000000 Z\nupdated_at: 2015-01-12 09:22:31.000000000 Z\n','2015-01-12 09:23:35'),(8,'Blog',1,'update','1','---\nid: 1\ntitle: Phụ nữ nên chọn “đôi giày” vừa chân thay vì sống kiếp tầm gửi\ndescription: Hãy cho phụ nữ một đôi giày vừa vặn, cô ý có thể chinh phục cả thế giới.\n  Đàn ông không phải tấm vé toàn năng đưa người phụ nữ đến hạnh phúc mà là chính đôi\n  chân của họ.\ncontent: \"<p><span style=\\\"font-size:14px\\\"><span style=\\\"font-family:times new roman,times,serif\\\">C&aacute;c\n  b&aacute;c trong nh&agrave; lu&ocirc;n tặc lưỡi n&oacute;i với em rằng: M&agrave;y\n  học h&agrave;nh, l&agrave;m việc vất vả g&igrave; nhiều cho mệt, con g&aacute;i\n  chỉ cần lo kiếm được một tấm chồng gi&agrave;u c&oacute; đ&agrave;ng ho&agrave;ng\n  l&agrave; được rồi, giống như c&aacute;i n,m&hellip; nh&agrave; b&aacute;c đ&acirc;y\n  n&agrave;y, chỉ việc ở nh&agrave;, mua sắm rồi quản l&yacute; tiền bạc của chồng,\n  c&oacute; phải l&agrave;m g&igrave; đ&acirc;u&hellip;.</span></span></p>\\r\\n\\r\\n<p><span\n  style=\\\"font-size:14px\\\"><span style=\\\"font-family:times new roman,times,serif\\\">V&agrave;\n  thế l&agrave; từ lớn đến b&eacute;, chả v&igrave; l&yacute; do, chẳng v&igrave;\n  ch&acirc;n l&yacute; đ&atilde; được kiểm chứng n&agrave;o, phụ nữ lu&ocirc;n được\n  mặc định l&agrave; phải sống b&aacute;m v&agrave;o đ&agrave;n &ocirc;ng giống như\n  lo&agrave;i tầm gửi mỏng manh, y&ecirc;u đuối phải nương v&agrave;o những c&acirc;y\n  cổ thụ cao to, vững chắc. C&acirc;y cổ thụ c&agrave;ng to, c&agrave;ng vươn cao\n  th&igrave; tầm gửi cũng c&agrave;ng h&uacute;t được nhiều chất dinh dưỡng v&agrave;\n  ph&aacute;t triển.</span></span></p>\\r\\n\\r\\n<p><span style=\\\"font-size:14px\\\"><span\n  style=\\\"font-family:times new roman,times,serif\\\">Tất nhi&ecirc;n thực vật th&igrave;\n  kh&ocirc;ng c&oacute; gi&aacute;c quan, nhưng nếu c&oacute; suy nghĩ th&igrave;\n  t&ocirc;i kh&ocirc;ng biết tầm gửi liệu c&oacute; h&agrave;i l&ograve;ng với cuộc\n  sống của m&igrave;nh? Phải sống b&aacute;m v&agrave;o một th&acirc;n c&acirc;y,\n  chia sẻ chỗ ở của m&igrave;nh cho nhiều lo&agrave;i kh&aacute;c, nếu c&acirc;y cổ\n  thụ kia chết đi th&igrave; bản th&acirc;n cũng kh&ocirc;ng thể tồn tại. N&oacute;i\n  t&oacute;m lại lo&agrave;i th&acirc;n mềm đ&oacute; kh&ocirc;ng c&oacute; quyền\n  quyết định cuộc sống của m&igrave;nh.</span></span></p>\\r\\n\\r\\n<p><span style=\\\"font-size:14px\\\"><span\n  style=\\\"font-family:times new roman,times,serif\\\">9/10 phụ nữ khi được hỏi cũng\n  sẽ đều trả lời rằng họ kh&ocirc;ng muốn sống cuộc sống như vậy, nhưng kh&ocirc;ng\n  phải ai cũng đủ can đảm thừa nhận v&agrave; đứng l&ecirc;n. Phụ nữ thời nay, c&oacute;\n  qu&aacute; nhiều r&agrave;ng buộc v&agrave; lệ thuộc, n&agrave;o l&agrave; tiền\n  bạc, kinh tế, t&acirc;m l&yacute;, đạo đức v&agrave; x&atilde; hội&hellip; N&ecirc;n\n  mặc d&ugrave; tr&agrave;n lan trong cuộc sống những c&acirc;u chuyện về kết h&ocirc;n\n  kh&ocirc;ng t&igrave;nh y&ecirc;u, bi kịch chồng cặp bồ hay &ldquo;1001 kiểu h&ocirc;n\n  nh&acirc;n kh&ocirc;ng hạnh ph&uacute;c với g&atilde; chồng tồi&rdquo;, phụ nữ trừ\n  đau khổ ra vẫn kh&ocirc;ng biết l&agrave;m g&igrave;, c&oacute; lẽ bởi giấc mơ về\n  một chỗ dựa vững chắc trước mọi gi&ocirc;ng b&atilde;o cuộc đời nay lại l&agrave;\n  l&yacute; do ch&iacute;nh đ&aacute;nh vỡ hạnh ph&uacute;c của họ.</span></span></p>\\r\\n\\r\\n<p\n  style=\\\"margin-left: 120px;\\\"><span style=\\\"font-size:14px\\\"><span style=\\\"font-family:times\n  new roman,times,serif\\\"><img alt=\\\"phu-nu-nen-chon-doi-giay-vua-chan-thay-vi-kiep-tam-gui\\\"\n  src=\\\"http://img.blogtamsu.vn/2015/01/12913845725982.jpg\\\" /></span></span></p>\\r\\n\\r\\n<p><span\n  style=\\\"font-size:14px\\\"><span style=\\\"font-family:times new roman,times,serif\\\"><strong>Đừng\n  đem cả cuộc sống của m&igrave;nh trao v&agrave;o tay người kh&aacute;c</strong></span></span></p>\\r\\n\\r\\n<p><span\n  style=\\\"font-size:14px\\\"><span style=\\\"font-family:times new roman,times,serif\\\">T&ocirc;i\n  kh&ocirc;ng hiểu tại sao phụ nữ lu&ocirc;n đặt cược hạnh ph&uacute;c của m&igrave;nh\n  v&agrave;o tay người đ&agrave;n &ocirc;ng v&agrave; tại sao h&ocirc;n nh&acirc;n\n  lại c&oacute; thể trở th&agrave;nh canh bạc lớn nhất quyết định niềm hạnh ph&uacute;c\n  của cuộc đời họ. Nhưng liệu đ&agrave;n &ocirc;ng c&oacute; phải l&agrave; chiếc\n  ch&igrave;a kh&oacute;a vạn năng mở ra c&aacute;nh cửa thi&ecirc;n đường cho người\n  phụ nữ kh&ocirc;ng?</span></span></p>\\r\\n\\r\\n<p><span style=\\\"font-size:14px\\\"><span\n  style=\\\"font-family:times new roman,times,serif\\\">Chị g&aacute;i t&ocirc;i kết h&ocirc;n\n  với một người đ&agrave;n &ocirc;ng th&agrave;nh đạt, hơn m&igrave;nh 1 gi&aacute;p\n  từ khi c&ograve;n rất trẻ. Ai cũng bảo chị phải may mắn lắm mới lấy được người như\n  vậy. Quả nhi&ecirc;n lấy anh chị chả phải l&agrave;m g&igrave; cả, kh&ocirc;ng giao\n  lưu với bạn b&egrave;, kh&ocirc;ng được tiếp tục học l&ecirc;n đại học v&agrave;\n  c&oacute; những hoạt động x&atilde; hội kh&aacute;c, chỉ quanh quẩn ở nh&agrave;\n  qu&eacute;t dọn v&agrave; sinh con. Rồi chả bao l&acirc;u anh cặp bồ b&ecirc;n ngo&agrave;i,\n  chị kh&oacute;c ngất l&ecirc;n khuy&ecirc;n giải kh&ocirc;ng được đ&agrave;nh nghĩ\n  đến việc ly dị, nhưng nghĩ đến m&igrave;nh kh&ocirc;ng bằng cấp, kh&ocirc;ng việc\n  l&agrave;m, sống nhờ phụ cấp của chồng, lại nghe mọi người khuy&ecirc;n rằng đ&agrave;n\n  &ocirc;ng năm th&ecirc; bảy thiếp l&agrave; chuyện b&igrave;nh thường n&ecirc;n\n  cũng đ&agrave;nh nuốt nước mắt sống qua ng&agrave;y.</span></span></p>\\r\\n\\r\\n<p><span\n  style=\\\"font-size:14px\\\"><span style=\\\"font-family:times new roman,times,serif\\\">Nhưng\n  c&acirc;y muốn lặng m&agrave; gi&oacute; chẳng ngừng, một thời gian sau anh c&ocirc;ng\n  khai mang bạn g&aacute;i về, đ&oacute;i sống kiếp vợ cả vợ b&eacute;. Như ngọn n&uacute;i\n  lửa k&igrave;m n&eacute;n l&acirc;u ng&agrave;y tr&agrave;o ra, chị dứt kho&aacute;t\n  v&agrave; nhanh ch&oacute;ng&nbsp;<a href=\\\"http://blogtamsu.vn/tag/ly-hon\\\" style=\\\"margin:\n  0px; padding: 0px; text-rendering: optimizelegibility; text-decoration: none; color:\n  blue;\\\" target=\\\"_blank\\\" title=\\\"ly hôn\\\">ly h&ocirc;n</a>, gửi con cho mẹ đẻ,\n  cắn răng v&agrave;o miền Nam học việc từ c&ocirc; nh&acirc;n vi&ecirc;n cắt m&oacute;ng,\n  gội đầu. Một thời gian sau chị trở th&agrave;nh b&agrave; chủ của một salon c&oacute;\n  tiếng c&oacute; thể trang trải cho con v&agrave; ổn định cuộc sống của ch&iacute;nh\n  m&igrave;nh. Chả phải c&oacute; ai đ&oacute; đ&atilde; n&oacute;i đấy sao: H&atilde;y\n  cho phụ nữ một đ&ocirc;i gi&agrave;y vừa vặn, c&ocirc; &yacute; c&oacute; thể chinh\n  phục cả thế giới. Đ&agrave;n &ocirc;ng kh&ocirc;ng phải tấm v&eacute; to&agrave;n\n  năng đưa người phụ nữ đến hạnh ph&uacute;c m&agrave; l&agrave; ch&iacute;nh đ&ocirc;i\n  ch&acirc;n của họ.</span></span></p>\\r\\n\\r\\n<p><span style=\\\"font-size:14px\\\"><span\n  style=\\\"font-family:times new roman,times,serif\\\"><strong>Tự chủ v&agrave; ngọt\n  ng&agrave;o</strong></span></span></p>\\r\\n\\r\\n<p><span style=\\\"font-size:14px\\\"><span\n  style=\\\"font-family:times new roman,times,serif\\\">Phụ nữ đ&atilde; tốn h&agrave;ng\n  trăm năm để hỏi b&igrave;nh đằng giới v&agrave; nữ quyền. Nữ quyền ở đ&acirc;y kh&ocirc;ng\n  phải l&agrave; tr&egrave;o l&ecirc;n đầu nam giới, hống h&aacute;ch qu&aacute;t\n  th&aacute;o. Nữ quyền chỉ đơn giản l&agrave; bạn c&oacute; quyền quyết định cuộc\n  sống v&agrave; lựa chọn những điều l&agrave;m m&igrave;nh hạnh ph&uacute;c. V&igrave;\n  vậy đừng t&ugrave;y tiện v&agrave; cẩu thả ph&oacute; mặc n&oacute; cho một người\n  đ&agrave;n &ocirc;ng.</span></span></p>\\r\\n\\r\\n<p><span style=\\\"font-size:14px\\\"><span\n  style=\\\"font-family:times new roman,times,serif\\\">Tuy nhi&ecirc;n đ&agrave;n &ocirc;ng\n  vẫn l&agrave; một mảnh gh&eacute;p v&ocirc; c&ugrave;ng quan trọng trong bức tranh\n  hạnh ph&uacute;c của người phụ nữ, vậy n&ecirc;n tự chủ ở đ&acirc;y l&agrave; khi\n  thấy một th&acirc;n c&acirc;y kh&ocirc;ng đủ vững chắc để tựa v&agrave;o th&igrave;\n  c&oacute; thể mạnh mẽ đứng dậy bước tiếp, đủ dũng cảm viết một dấu chấm cho cuộc\n  h&ocirc;n nh&acirc;n kh&ocirc;ng hạnh ph&uacute;c, kh&ocirc;ng chằm chằm nh&igrave;n\n  v&agrave;o điện thoại kh&oacute;c nức nở khi người ấy kh&ocirc;ng gọi điện, hoặc\n  đơn giản nhất l&agrave; khi ch&agrave;ng trai của bạn bận, thay v&igrave; thao thức\n  v&agrave; chờ đợi th&igrave; c&oacute; thể chui v&agrave;o chiếc &aacute;o của anh\n  ấy, cuốn n&oacute; quanh m&igrave;nh v&agrave; mỉm cười, ngủ thật ngon.</span></span></p>\\r\\n\\r\\n<p><span\n  style=\\\"font-size:14px\\\"><span style=\\\"font-family:times new roman,times,serif\\\">Bạn\n  biết kh&ocirc;ng? Một c&ocirc; g&aacute;i độc lập v&agrave; mạnh mẽ l&agrave; m&oacute;n\n  qu&agrave; ngọt ng&agrave;o nhất thượng đế trao cho ch&iacute;nh c&ocirc; ấy v&agrave;\n  ch&agrave;ng trai của m&igrave;nh.</span></span></p>\\r\\n\"\nimage: b12.jpg\nblogger_id: 2\nstatus: Duyệt\nauthor: Giadinhonline\ncreated_at: 2015-01-11 10:09:13.000000000 Z\nupdated_at: 2015-01-12 09:23:35.000000000 Z\n','2015-01-12 09:29:32'),(9,'Blog',1,'update','1','---\nid: 1\ntitle: Phụ nữ nên chọn “đôi giày” vừa chân thay vì sống kiếp tầm gửi\ndescription: Hãy cho phụ nữ một đôi giày vừa vặn, cô ý có thể chinh phục cả thế giới.\n  Đàn ông không phải tấm vé toàn năng đưa người phụ nữ đến hạnh phúc mà là chính đôi\n  chân của họ.\ncontent: \"<p><span style=\\\"font-size:14px\\\"><span style=\\\"font-family:times new roman,times,serif\\\">C&aacute;c\n  b&aacute;c trong nh&agrave; lu&ocirc;n tặc lưỡi n&oacute;i với em rằng: M&agrave;y\n  học h&agrave;nh, l&agrave;m việc vất vả g&igrave; nhiều cho mệt, con g&aacute;i\n  chỉ cần lo kiếm được một tấm chồng gi&agrave;u c&oacute; đ&agrave;ng ho&agrave;ng\n  l&agrave; được rồi, giống như c&aacute;i n,m&hellip; nh&agrave; b&aacute;c đ&acirc;y\n  n&agrave;y, chỉ việc ở nh&agrave;, mua sắm rồi quản l&yacute; tiền bạc của chồng,\n  c&oacute; phải l&agrave;m g&igrave; đ&acirc;u&hellip;.</span></span></p>\\r\\n\\r\\n<p><span\n  style=\\\"font-size:14px\\\"><span style=\\\"font-family:times new roman,times,serif\\\">V&agrave;\n  thế l&agrave; từ lớn đến b&eacute;, chả v&igrave; l&yacute; do, chẳng v&igrave;\n  ch&acirc;n l&yacute; đ&atilde; được kiểm chứng n&agrave;o, phụ nữ lu&ocirc;n được\n  mặc định l&agrave; phải sống b&aacute;m v&agrave;o đ&agrave;n &ocirc;ng giống như\n  lo&agrave;i tầm gửi mỏng manh, y&ecirc;u đuối phải nương v&agrave;o những c&acirc;y\n  cổ thụ cao to, vững chắc. C&acirc;y cổ thụ c&agrave;ng to, c&agrave;ng vươn cao\n  th&igrave; tầm gửi cũng c&agrave;ng h&uacute;t được nhiều chất dinh dưỡng v&agrave;\n  ph&aacute;t triển.</span></span></p>\\r\\n\\r\\n<p><span style=\\\"font-size:14px\\\"><span\n  style=\\\"font-family:times new roman,times,serif\\\">Tất nhi&ecirc;n thực vật th&igrave;\n  kh&ocirc;ng c&oacute; gi&aacute;c quan, nhưng nếu c&oacute; suy nghĩ th&igrave;\n  t&ocirc;i kh&ocirc;ng biết tầm gửi liệu c&oacute; h&agrave;i l&ograve;ng với cuộc\n  sống của m&igrave;nh? Phải sống b&aacute;m v&agrave;o một th&acirc;n c&acirc;y,\n  chia sẻ chỗ ở của m&igrave;nh cho nhiều lo&agrave;i kh&aacute;c, nếu c&acirc;y cổ\n  thụ kia chết đi th&igrave; bản th&acirc;n cũng kh&ocirc;ng thể tồn tại. N&oacute;i\n  t&oacute;m lại lo&agrave;i th&acirc;n mềm đ&oacute; kh&ocirc;ng c&oacute; quyền\n  quyết định cuộc sống của m&igrave;nh.</span></span></p>\\r\\n\\r\\n<p><span style=\\\"font-size:14px\\\"><span\n  style=\\\"font-family:times new roman,times,serif\\\">9/10 phụ nữ khi được hỏi cũng\n  sẽ đều trả lời rằng họ kh&ocirc;ng muốn sống cuộc sống như vậy, nhưng kh&ocirc;ng\n  phải ai cũng đủ can đảm thừa nhận v&agrave; đứng l&ecirc;n. Phụ nữ thời nay, c&oacute;\n  qu&aacute; nhiều r&agrave;ng buộc v&agrave; lệ thuộc, n&agrave;o l&agrave; tiền\n  bạc, kinh tế, t&acirc;m l&yacute;, đạo đức v&agrave; x&atilde; hội&hellip; N&ecirc;n\n  mặc d&ugrave; tr&agrave;n lan trong cuộc sống những c&acirc;u chuyện về kết h&ocirc;n\n  kh&ocirc;ng t&igrave;nh y&ecirc;u, bi kịch chồng cặp bồ hay &ldquo;1001 kiểu h&ocirc;n\n  nh&acirc;n kh&ocirc;ng hạnh ph&uacute;c với g&atilde; chồng tồi&rdquo;, phụ nữ trừ\n  đau khổ ra vẫn kh&ocirc;ng biết l&agrave;m g&igrave;, c&oacute; lẽ bởi giấc mơ về\n  một chỗ dựa vững chắc trước mọi gi&ocirc;ng b&atilde;o cuộc đời nay lại l&agrave;\n  l&yacute; do ch&iacute;nh đ&aacute;nh vỡ hạnh ph&uacute;c của họ.</span></span></p>\\r\\n\\r\\n<p\n  style=\\\"margin-left: 160px;\\\"><span style=\\\"font-size:14px\\\"><span style=\\\"font-family:times\n  new roman,times,serif\\\"><img alt=\\\"phu-nu-nen-chon-doi-giay-vua-chan-thay-vi-kiep-tam-gui\\\"\n  src=\\\"http://img.blogtamsu.vn/2015/01/12913845725982.jpg\\\" /></span></span></p>\\r\\n\\r\\n<p><span\n  style=\\\"font-size:14px\\\"><span style=\\\"font-family:times new roman,times,serif\\\"><strong>Đừng\n  đem cả cuộc sống của m&igrave;nh trao v&agrave;o tay người kh&aacute;c</strong></span></span></p>\\r\\n\\r\\n<p><span\n  style=\\\"font-size:14px\\\"><span style=\\\"font-family:times new roman,times,serif\\\">T&ocirc;i\n  kh&ocirc;ng hiểu tại sao phụ nữ lu&ocirc;n đặt cược hạnh ph&uacute;c của m&igrave;nh\n  v&agrave;o tay người đ&agrave;n &ocirc;ng v&agrave; tại sao h&ocirc;n nh&acirc;n\n  lại c&oacute; thể trở th&agrave;nh canh bạc lớn nhất quyết định niềm hạnh ph&uacute;c\n  của cuộc đời họ. Nhưng liệu đ&agrave;n &ocirc;ng c&oacute; phải l&agrave; chiếc\n  ch&igrave;a kh&oacute;a vạn năng mở ra c&aacute;nh cửa thi&ecirc;n đường cho người\n  phụ nữ kh&ocirc;ng?</span></span></p>\\r\\n\\r\\n<p><span style=\\\"font-size:14px\\\"><span\n  style=\\\"font-family:times new roman,times,serif\\\">Chị g&aacute;i t&ocirc;i kết h&ocirc;n\n  với một người đ&agrave;n &ocirc;ng th&agrave;nh đạt, hơn m&igrave;nh 1 gi&aacute;p\n  từ khi c&ograve;n rất trẻ. Ai cũng bảo chị phải may mắn lắm mới lấy được người như\n  vậy. Quả nhi&ecirc;n lấy anh chị chả phải l&agrave;m g&igrave; cả, kh&ocirc;ng giao\n  lưu với bạn b&egrave;, kh&ocirc;ng được tiếp tục học l&ecirc;n đại học v&agrave;\n  c&oacute; những hoạt động x&atilde; hội kh&aacute;c, chỉ quanh quẩn ở nh&agrave;\n  qu&eacute;t dọn v&agrave; sinh con. Rồi chả bao l&acirc;u anh cặp bồ b&ecirc;n ngo&agrave;i,\n  chị kh&oacute;c ngất l&ecirc;n khuy&ecirc;n giải kh&ocirc;ng được đ&agrave;nh nghĩ\n  đến việc ly dị, nhưng nghĩ đến m&igrave;nh kh&ocirc;ng bằng cấp, kh&ocirc;ng việc\n  l&agrave;m, sống nhờ phụ cấp của chồng, lại nghe mọi người khuy&ecirc;n rằng đ&agrave;n\n  &ocirc;ng năm th&ecirc; bảy thiếp l&agrave; chuyện b&igrave;nh thường n&ecirc;n\n  cũng đ&agrave;nh nuốt nước mắt sống qua ng&agrave;y.</span></span></p>\\r\\n\\r\\n<p><span\n  style=\\\"font-size:14px\\\"><span style=\\\"font-family:times new roman,times,serif\\\">Nhưng\n  c&acirc;y muốn lặng m&agrave; gi&oacute; chẳng ngừng, một thời gian sau anh c&ocirc;ng\n  khai mang bạn g&aacute;i về, đ&oacute;i sống kiếp vợ cả vợ b&eacute;. Như ngọn n&uacute;i\n  lửa k&igrave;m n&eacute;n l&acirc;u ng&agrave;y tr&agrave;o ra, chị dứt kho&aacute;t\n  v&agrave; nhanh ch&oacute;ng&nbsp;<a href=\\\"http://blogtamsu.vn/tag/ly-hon\\\" style=\\\"margin:\n  0px; padding: 0px; text-rendering: optimizelegibility; text-decoration: none; color:\n  blue;\\\" target=\\\"_blank\\\" title=\\\"ly hôn\\\">ly h&ocirc;n</a>, gửi con cho mẹ đẻ,\n  cắn răng v&agrave;o miền Nam học việc từ c&ocirc; nh&acirc;n vi&ecirc;n cắt m&oacute;ng,\n  gội đầu. Một thời gian sau chị trở th&agrave;nh b&agrave; chủ của một salon c&oacute;\n  tiếng c&oacute; thể trang trải cho con v&agrave; ổn định cuộc sống của ch&iacute;nh\n  m&igrave;nh. Chả phải c&oacute; ai đ&oacute; đ&atilde; n&oacute;i đấy sao: H&atilde;y\n  cho phụ nữ một đ&ocirc;i gi&agrave;y vừa vặn, c&ocirc; &yacute; c&oacute; thể chinh\n  phục cả thế giới. Đ&agrave;n &ocirc;ng kh&ocirc;ng phải tấm v&eacute; to&agrave;n\n  năng đưa người phụ nữ đến hạnh ph&uacute;c m&agrave; l&agrave; ch&iacute;nh đ&ocirc;i\n  ch&acirc;n của họ.</span></span></p>\\r\\n\\r\\n<p><span style=\\\"font-size:14px\\\"><span\n  style=\\\"font-family:times new roman,times,serif\\\"><strong>Tự chủ v&agrave; ngọt\n  ng&agrave;o</strong></span></span></p>\\r\\n\\r\\n<p><span style=\\\"font-size:14px\\\"><span\n  style=\\\"font-family:times new roman,times,serif\\\">Phụ nữ đ&atilde; tốn h&agrave;ng\n  trăm năm để hỏi b&igrave;nh đằng giới v&agrave; nữ quyền. Nữ quyền ở đ&acirc;y kh&ocirc;ng\n  phải l&agrave; tr&egrave;o l&ecirc;n đầu nam giới, hống h&aacute;ch qu&aacute;t\n  th&aacute;o. Nữ quyền chỉ đơn giản l&agrave; bạn c&oacute; quyền quyết định cuộc\n  sống v&agrave; lựa chọn những điều l&agrave;m m&igrave;nh hạnh ph&uacute;c. V&igrave;\n  vậy đừng t&ugrave;y tiện v&agrave; cẩu thả ph&oacute; mặc n&oacute; cho một người\n  đ&agrave;n &ocirc;ng.</span></span></p>\\r\\n\\r\\n<p><span style=\\\"font-size:14px\\\"><span\n  style=\\\"font-family:times new roman,times,serif\\\">Tuy nhi&ecirc;n đ&agrave;n &ocirc;ng\n  vẫn l&agrave; một mảnh gh&eacute;p v&ocirc; c&ugrave;ng quan trọng trong bức tranh\n  hạnh ph&uacute;c của người phụ nữ, vậy n&ecirc;n tự chủ ở đ&acirc;y l&agrave; khi\n  thấy một th&acirc;n c&acirc;y kh&ocirc;ng đủ vững chắc để tựa v&agrave;o th&igrave;\n  c&oacute; thể mạnh mẽ đứng dậy bước tiếp, đủ dũng cảm viết một dấu chấm cho cuộc\n  h&ocirc;n nh&acirc;n kh&ocirc;ng hạnh ph&uacute;c, kh&ocirc;ng chằm chằm nh&igrave;n\n  v&agrave;o điện thoại kh&oacute;c nức nở khi người ấy kh&ocirc;ng gọi điện, hoặc\n  đơn giản nhất l&agrave; khi ch&agrave;ng trai của bạn bận, thay v&igrave; thao thức\n  v&agrave; chờ đợi th&igrave; c&oacute; thể chui v&agrave;o chiếc &aacute;o của anh\n  ấy, cuốn n&oacute; quanh m&igrave;nh v&agrave; mỉm cười, ngủ thật ngon.</span></span></p>\\r\\n\\r\\n<p><span\n  style=\\\"font-size:14px\\\"><span style=\\\"font-family:times new roman,times,serif\\\">Bạn\n  biết kh&ocirc;ng? Một c&ocirc; g&aacute;i độc lập v&agrave; mạnh mẽ l&agrave; m&oacute;n\n  qu&agrave; ngọt ng&agrave;o nhất thượng đế trao cho ch&iacute;nh c&ocirc; ấy v&agrave;\n  ch&agrave;ng trai của m&igrave;nh.</span></span></p>\\r\\n\"\nimage: b12.jpg\nblogger_id: 2\nstatus: Duyệt\nauthor: Giadinhonline\ncreated_at: 2015-01-11 10:09:13.000000000 Z\nupdated_at: 2015-01-12 09:29:32.000000000 Z\n','2015-01-12 09:29:55'),(10,'Blog',1,'update','1','---\nid: 1\ntitle: Phụ nữ nên chọn “đôi giày” vừa chân thay vì sống kiếp tầm gửi\ndescription: Hãy cho phụ nữ một đôi giày vừa vặn, cô ý có thể chinh phục cả thế giới.\n  Đàn ông không phải tấm vé toàn năng đưa người phụ nữ đến hạnh phúc mà là chính đôi\n  chân của họ.\ncontent: \"<p><span style=\\\"font-size:14px\\\"><span style=\\\"font-family:times new roman,times,serif\\\">C&aacute;c\n  b&aacute;c trong nh&agrave; lu&ocirc;n tặc lưỡi n&oacute;i với em rằng: M&agrave;y\n  học h&agrave;nh, l&agrave;m việc vất vả g&igrave; nhiều cho mệt, con g&aacute;i\n  chỉ cần lo kiếm được một tấm chồng gi&agrave;u c&oacute; đ&agrave;ng ho&agrave;ng\n  l&agrave; được rồi, giống như c&aacute;i n,m&hellip; nh&agrave; b&aacute;c đ&acirc;y\n  n&agrave;y, chỉ việc ở nh&agrave;, mua sắm rồi quản l&yacute; tiền bạc của chồng,\n  c&oacute; phải l&agrave;m g&igrave; đ&acirc;u&hellip;.</span></span></p>\\r\\n\\r\\n<p><span\n  style=\\\"font-size:14px\\\"><span style=\\\"font-family:times new roman,times,serif\\\">V&agrave;\n  thế l&agrave; từ lớn đến b&eacute;, chả v&igrave; l&yacute; do, chẳng v&igrave;\n  ch&acirc;n l&yacute; đ&atilde; được kiểm chứng n&agrave;o, phụ nữ lu&ocirc;n được\n  mặc định l&agrave; phải sống b&aacute;m v&agrave;o đ&agrave;n &ocirc;ng giống như\n  lo&agrave;i tầm gửi mỏng manh, y&ecirc;u đuối phải nương v&agrave;o những c&acirc;y\n  cổ thụ cao to, vững chắc. C&acirc;y cổ thụ c&agrave;ng to, c&agrave;ng vươn cao\n  th&igrave; tầm gửi cũng c&agrave;ng h&uacute;t được nhiều chất dinh dưỡng v&agrave;\n  ph&aacute;t triển.</span></span></p>\\r\\n\\r\\n<p><span style=\\\"font-size:14px\\\"><span\n  style=\\\"font-family:times new roman,times,serif\\\">Tất nhi&ecirc;n thực vật th&igrave;\n  kh&ocirc;ng c&oacute; gi&aacute;c quan, nhưng nếu c&oacute; suy nghĩ th&igrave;\n  t&ocirc;i kh&ocirc;ng biết tầm gửi liệu c&oacute; h&agrave;i l&ograve;ng với cuộc\n  sống của m&igrave;nh? Phải sống b&aacute;m v&agrave;o một th&acirc;n c&acirc;y,\n  chia sẻ chỗ ở của m&igrave;nh cho nhiều lo&agrave;i kh&aacute;c, nếu c&acirc;y cổ\n  thụ kia chết đi th&igrave; bản th&acirc;n cũng kh&ocirc;ng thể tồn tại. N&oacute;i\n  t&oacute;m lại lo&agrave;i th&acirc;n mềm đ&oacute; kh&ocirc;ng c&oacute; quyền\n  quyết định cuộc sống của m&igrave;nh.</span></span></p>\\r\\n\\r\\n<p><span style=\\\"font-size:14px\\\"><span\n  style=\\\"font-family:times new roman,times,serif\\\">9/10 phụ nữ khi được hỏi cũng\n  sẽ đều trả lời rằng họ kh&ocirc;ng muốn sống cuộc sống như vậy, nhưng kh&ocirc;ng\n  phải ai cũng đủ can đảm thừa nhận v&agrave; đứng l&ecirc;n. Phụ nữ thời nay, c&oacute;\n  qu&aacute; nhiều r&agrave;ng buộc v&agrave; lệ thuộc, n&agrave;o l&agrave; tiền\n  bạc, kinh tế, t&acirc;m l&yacute;, đạo đức v&agrave; x&atilde; hội&hellip; N&ecirc;n\n  mặc d&ugrave; tr&agrave;n lan trong cuộc sống những c&acirc;u chuyện về kết h&ocirc;n\n  kh&ocirc;ng t&igrave;nh y&ecirc;u, bi kịch chồng cặp bồ hay &ldquo;1001 kiểu h&ocirc;n\n  nh&acirc;n kh&ocirc;ng hạnh ph&uacute;c với g&atilde; chồng tồi&rdquo;, phụ nữ trừ\n  đau khổ ra vẫn kh&ocirc;ng biết l&agrave;m g&igrave;, c&oacute; lẽ bởi giấc mơ về\n  một chỗ dựa vững chắc trước mọi gi&ocirc;ng b&atilde;o cuộc đời nay lại l&agrave;\n  l&yacute; do ch&iacute;nh đ&aacute;nh vỡ hạnh ph&uacute;c của họ.</span></span></p>\\r\\n\\r\\n<p\n  style=\\\"margin-left: 80px;\\\"><span style=\\\"font-size:14px\\\"><span style=\\\"font-family:times\n  new roman,times,serif\\\"><img alt=\\\"phu-nu-nen-chon-doi-giay-vua-chan-thay-vi-kiep-tam-gui\\\"\n  src=\\\"http://img.blogtamsu.vn/2015/01/12913845725982.jpg\\\" /></span></span></p>\\r\\n\\r\\n<p><span\n  style=\\\"font-size:14px\\\"><span style=\\\"font-family:times new roman,times,serif\\\"><strong>Đừng\n  đem cả cuộc sống của m&igrave;nh trao v&agrave;o tay người kh&aacute;c</strong></span></span></p>\\r\\n\\r\\n<p><span\n  style=\\\"font-size:14px\\\"><span style=\\\"font-family:times new roman,times,serif\\\">T&ocirc;i\n  kh&ocirc;ng hiểu tại sao phụ nữ lu&ocirc;n đặt cược hạnh ph&uacute;c của m&igrave;nh\n  v&agrave;o tay người đ&agrave;n &ocirc;ng v&agrave; tại sao h&ocirc;n nh&acirc;n\n  lại c&oacute; thể trở th&agrave;nh canh bạc lớn nhất quyết định niềm hạnh ph&uacute;c\n  của cuộc đời họ. Nhưng liệu đ&agrave;n &ocirc;ng c&oacute; phải l&agrave; chiếc\n  ch&igrave;a kh&oacute;a vạn năng mở ra c&aacute;nh cửa thi&ecirc;n đường cho người\n  phụ nữ kh&ocirc;ng?</span></span></p>\\r\\n\\r\\n<p><span style=\\\"font-size:14px\\\"><span\n  style=\\\"font-family:times new roman,times,serif\\\">Chị g&aacute;i t&ocirc;i kết h&ocirc;n\n  với một người đ&agrave;n &ocirc;ng th&agrave;nh đạt, hơn m&igrave;nh 1 gi&aacute;p\n  từ khi c&ograve;n rất trẻ. Ai cũng bảo chị phải may mắn lắm mới lấy được người như\n  vậy. Quả nhi&ecirc;n lấy anh chị chả phải l&agrave;m g&igrave; cả, kh&ocirc;ng giao\n  lưu với bạn b&egrave;, kh&ocirc;ng được tiếp tục học l&ecirc;n đại học v&agrave;\n  c&oacute; những hoạt động x&atilde; hội kh&aacute;c, chỉ quanh quẩn ở nh&agrave;\n  qu&eacute;t dọn v&agrave; sinh con. Rồi chả bao l&acirc;u anh cặp bồ b&ecirc;n ngo&agrave;i,\n  chị kh&oacute;c ngất l&ecirc;n khuy&ecirc;n giải kh&ocirc;ng được đ&agrave;nh nghĩ\n  đến việc ly dị, nhưng nghĩ đến m&igrave;nh kh&ocirc;ng bằng cấp, kh&ocirc;ng việc\n  l&agrave;m, sống nhờ phụ cấp của chồng, lại nghe mọi người khuy&ecirc;n rằng đ&agrave;n\n  &ocirc;ng năm th&ecirc; bảy thiếp l&agrave; chuyện b&igrave;nh thường n&ecirc;n\n  cũng đ&agrave;nh nuốt nước mắt sống qua ng&agrave;y.</span></span></p>\\r\\n\\r\\n<p><span\n  style=\\\"font-size:14px\\\"><span style=\\\"font-family:times new roman,times,serif\\\">Nhưng\n  c&acirc;y muốn lặng m&agrave; gi&oacute; chẳng ngừng, một thời gian sau anh c&ocirc;ng\n  khai mang bạn g&aacute;i về, đ&oacute;i sống kiếp vợ cả vợ b&eacute;. Như ngọn n&uacute;i\n  lửa k&igrave;m n&eacute;n l&acirc;u ng&agrave;y tr&agrave;o ra, chị dứt kho&aacute;t\n  v&agrave; nhanh ch&oacute;ng&nbsp;<a href=\\\"http://blogtamsu.vn/tag/ly-hon\\\" style=\\\"margin:\n  0px; padding: 0px; text-rendering: optimizelegibility; text-decoration: none; color:\n  blue;\\\" target=\\\"_blank\\\" title=\\\"ly hôn\\\">ly h&ocirc;n</a>, gửi con cho mẹ đẻ,\n  cắn răng v&agrave;o miền Nam học việc từ c&ocirc; nh&acirc;n vi&ecirc;n cắt m&oacute;ng,\n  gội đầu. Một thời gian sau chị trở th&agrave;nh b&agrave; chủ của một salon c&oacute;\n  tiếng c&oacute; thể trang trải cho con v&agrave; ổn định cuộc sống của ch&iacute;nh\n  m&igrave;nh. Chả phải c&oacute; ai đ&oacute; đ&atilde; n&oacute;i đấy sao: H&atilde;y\n  cho phụ nữ một đ&ocirc;i gi&agrave;y vừa vặn, c&ocirc; &yacute; c&oacute; thể chinh\n  phục cả thế giới. Đ&agrave;n &ocirc;ng kh&ocirc;ng phải tấm v&eacute; to&agrave;n\n  năng đưa người phụ nữ đến hạnh ph&uacute;c m&agrave; l&agrave; ch&iacute;nh đ&ocirc;i\n  ch&acirc;n của họ.</span></span></p>\\r\\n\\r\\n<p><span style=\\\"font-size:14px\\\"><span\n  style=\\\"font-family:times new roman,times,serif\\\"><strong>Tự chủ v&agrave; ngọt\n  ng&agrave;o</strong></span></span></p>\\r\\n\\r\\n<p><span style=\\\"font-size:14px\\\"><span\n  style=\\\"font-family:times new roman,times,serif\\\">Phụ nữ đ&atilde; tốn h&agrave;ng\n  trăm năm để hỏi b&igrave;nh đằng giới v&agrave; nữ quyền. Nữ quyền ở đ&acirc;y kh&ocirc;ng\n  phải l&agrave; tr&egrave;o l&ecirc;n đầu nam giới, hống h&aacute;ch qu&aacute;t\n  th&aacute;o. Nữ quyền chỉ đơn giản l&agrave; bạn c&oacute; quyền quyết định cuộc\n  sống v&agrave; lựa chọn những điều l&agrave;m m&igrave;nh hạnh ph&uacute;c. V&igrave;\n  vậy đừng t&ugrave;y tiện v&agrave; cẩu thả ph&oacute; mặc n&oacute; cho một người\n  đ&agrave;n &ocirc;ng.</span></span></p>\\r\\n\\r\\n<p><span style=\\\"font-size:14px\\\"><span\n  style=\\\"font-family:times new roman,times,serif\\\">Tuy nhi&ecirc;n đ&agrave;n &ocirc;ng\n  vẫn l&agrave; một mảnh gh&eacute;p v&ocirc; c&ugrave;ng quan trọng trong bức tranh\n  hạnh ph&uacute;c của người phụ nữ, vậy n&ecirc;n tự chủ ở đ&acirc;y l&agrave; khi\n  thấy một th&acirc;n c&acirc;y kh&ocirc;ng đủ vững chắc để tựa v&agrave;o th&igrave;\n  c&oacute; thể mạnh mẽ đứng dậy bước tiếp, đủ dũng cảm viết một dấu chấm cho cuộc\n  h&ocirc;n nh&acirc;n kh&ocirc;ng hạnh ph&uacute;c, kh&ocirc;ng chằm chằm nh&igrave;n\n  v&agrave;o điện thoại kh&oacute;c nức nở khi người ấy kh&ocirc;ng gọi điện, hoặc\n  đơn giản nhất l&agrave; khi ch&agrave;ng trai của bạn bận, thay v&igrave; thao thức\n  v&agrave; chờ đợi th&igrave; c&oacute; thể chui v&agrave;o chiếc &aacute;o của anh\n  ấy, cuốn n&oacute; quanh m&igrave;nh v&agrave; mỉm cười, ngủ thật ngon.</span></span></p>\\r\\n\\r\\n<p><span\n  style=\\\"font-size:14px\\\"><span style=\\\"font-family:times new roman,times,serif\\\">Bạn\n  biết kh&ocirc;ng? Một c&ocirc; g&aacute;i độc lập v&agrave; mạnh mẽ l&agrave; m&oacute;n\n  qu&agrave; ngọt ng&agrave;o nhất thượng đế trao cho ch&iacute;nh c&ocirc; ấy v&agrave;\n  ch&agrave;ng trai của m&igrave;nh.</span></span></p>\\r\\n\"\nimage: b12.jpg\nblogger_id: 2\nstatus: Duyệt\nauthor: Giadinhonline\ncreated_at: 2015-01-11 10:09:13.000000000 Z\nupdated_at: 2015-01-12 09:29:55.000000000 Z\n','2015-01-12 09:30:18'),(11,'Blog',1,'update','1','---\nid: 1\ntitle: Phụ nữ nên chọn “đôi giày” vừa chân thay vì sống kiếp tầm gửi\ndescription: Hãy cho phụ nữ một đôi giày vừa vặn, cô ý có thể chinh phục cả thế giới.\n  Đàn ông không phải tấm vé toàn năng đưa người phụ nữ đến hạnh phúc mà là chính đôi\n  chân của họ.\ncontent: \"<p><span style=\\\"font-size:14px\\\"><span style=\\\"font-family:times new roman,times,serif\\\">C&aacute;c\n  b&aacute;c trong nh&agrave; lu&ocirc;n tặc lưỡi n&oacute;i với em rằng: M&agrave;y\n  học h&agrave;nh, l&agrave;m việc vất vả g&igrave; nhiều cho mệt, con g&aacute;i\n  chỉ cần lo kiếm được một tấm chồng gi&agrave;u c&oacute; đ&agrave;ng ho&agrave;ng\n  l&agrave; được rồi, giống như c&aacute;i n,m&hellip; nh&agrave; b&aacute;c đ&acirc;y\n  n&agrave;y, chỉ việc ở nh&agrave;, mua sắm rồi quản l&yacute; tiền bạc của chồng,\n  c&oacute; phải l&agrave;m g&igrave; đ&acirc;u&hellip;.</span></span></p>\\r\\n\\r\\n<p><span\n  style=\\\"font-size:14px\\\"><span style=\\\"font-family:times new roman,times,serif\\\">V&agrave;\n  thế l&agrave; từ lớn đến b&eacute;, chả v&igrave; l&yacute; do, chẳng v&igrave;\n  ch&acirc;n l&yacute; đ&atilde; được kiểm chứng n&agrave;o, phụ nữ lu&ocirc;n được\n  mặc định l&agrave; phải sống b&aacute;m v&agrave;o đ&agrave;n &ocirc;ng giống như\n  lo&agrave;i tầm gửi mỏng manh, y&ecirc;u đuối phải nương v&agrave;o những c&acirc;y\n  cổ thụ cao to, vững chắc. C&acirc;y cổ thụ c&agrave;ng to, c&agrave;ng vươn cao\n  th&igrave; tầm gửi cũng c&agrave;ng h&uacute;t được nhiều chất dinh dưỡng v&agrave;\n  ph&aacute;t triển.</span></span></p>\\r\\n\\r\\n<p><span style=\\\"font-size:14px\\\"><span\n  style=\\\"font-family:times new roman,times,serif\\\">Tất nhi&ecirc;n thực vật th&igrave;\n  kh&ocirc;ng c&oacute; gi&aacute;c quan, nhưng nếu c&oacute; suy nghĩ th&igrave;\n  t&ocirc;i kh&ocirc;ng biết tầm gửi liệu c&oacute; h&agrave;i l&ograve;ng với cuộc\n  sống của m&igrave;nh? Phải sống b&aacute;m v&agrave;o một th&acirc;n c&acirc;y,\n  chia sẻ chỗ ở của m&igrave;nh cho nhiều lo&agrave;i kh&aacute;c, nếu c&acirc;y cổ\n  thụ kia chết đi th&igrave; bản th&acirc;n cũng kh&ocirc;ng thể tồn tại. N&oacute;i\n  t&oacute;m lại lo&agrave;i th&acirc;n mềm đ&oacute; kh&ocirc;ng c&oacute; quyền\n  quyết định cuộc sống của m&igrave;nh.</span></span></p>\\r\\n\\r\\n<p><span style=\\\"font-size:14px\\\"><span\n  style=\\\"font-family:times new roman,times,serif\\\">9/10 phụ nữ khi được hỏi cũng\n  sẽ đều trả lời rằng họ kh&ocirc;ng muốn sống cuộc sống như vậy, nhưng kh&ocirc;ng\n  phải ai cũng đủ can đảm thừa nhận v&agrave; đứng l&ecirc;n. Phụ nữ thời nay, c&oacute;\n  qu&aacute; nhiều r&agrave;ng buộc v&agrave; lệ thuộc, n&agrave;o l&agrave; tiền\n  bạc, kinh tế, t&acirc;m l&yacute;, đạo đức v&agrave; x&atilde; hội&hellip; N&ecirc;n\n  mặc d&ugrave; tr&agrave;n lan trong cuộc sống những c&acirc;u chuyện về kết h&ocirc;n\n  kh&ocirc;ng t&igrave;nh y&ecirc;u, bi kịch chồng cặp bồ hay &ldquo;1001 kiểu h&ocirc;n\n  nh&acirc;n kh&ocirc;ng hạnh ph&uacute;c với g&atilde; chồng tồi&rdquo;, phụ nữ trừ\n  đau khổ ra vẫn kh&ocirc;ng biết l&agrave;m g&igrave;, c&oacute; lẽ bởi giấc mơ về\n  một chỗ dựa vững chắc trước mọi gi&ocirc;ng b&atilde;o cuộc đời nay lại l&agrave;\n  l&yacute; do ch&iacute;nh đ&aacute;nh vỡ hạnh ph&uacute;c của họ.</span></span></p>\\r\\n\\r\\n<p\n  style=\\\"margin-left: 120px;\\\"><span style=\\\"font-size:14px\\\"><span style=\\\"font-family:times\n  new roman,times,serif\\\"><img alt=\\\"phu-nu-nen-chon-doi-giay-vua-chan-thay-vi-kiep-tam-gui\\\"\n  src=\\\"http://img.blogtamsu.vn/2015/01/12913845725982.jpg\\\" /></span></span></p>\\r\\n\\r\\n<p><span\n  style=\\\"font-size:14px\\\"><span style=\\\"font-family:times new roman,times,serif\\\"><strong>Đừng\n  đem cả cuộc sống của m&igrave;nh trao v&agrave;o tay người kh&aacute;c</strong></span></span></p>\\r\\n\\r\\n<p><span\n  style=\\\"font-size:14px\\\"><span style=\\\"font-family:times new roman,times,serif\\\">T&ocirc;i\n  kh&ocirc;ng hiểu tại sao phụ nữ lu&ocirc;n đặt cược hạnh ph&uacute;c của m&igrave;nh\n  v&agrave;o tay người đ&agrave;n &ocirc;ng v&agrave; tại sao h&ocirc;n nh&acirc;n\n  lại c&oacute; thể trở th&agrave;nh canh bạc lớn nhất quyết định niềm hạnh ph&uacute;c\n  của cuộc đời họ. Nhưng liệu đ&agrave;n &ocirc;ng c&oacute; phải l&agrave; chiếc\n  ch&igrave;a kh&oacute;a vạn năng mở ra c&aacute;nh cửa thi&ecirc;n đường cho người\n  phụ nữ kh&ocirc;ng?</span></span></p>\\r\\n\\r\\n<p><span style=\\\"font-size:14px\\\"><span\n  style=\\\"font-family:times new roman,times,serif\\\">Chị g&aacute;i t&ocirc;i kết h&ocirc;n\n  với một người đ&agrave;n &ocirc;ng th&agrave;nh đạt, hơn m&igrave;nh 1 gi&aacute;p\n  từ khi c&ograve;n rất trẻ. Ai cũng bảo chị phải may mắn lắm mới lấy được người như\n  vậy. Quả nhi&ecirc;n lấy anh chị chả phải l&agrave;m g&igrave; cả, kh&ocirc;ng giao\n  lưu với bạn b&egrave;, kh&ocirc;ng được tiếp tục học l&ecirc;n đại học v&agrave;\n  c&oacute; những hoạt động x&atilde; hội kh&aacute;c, chỉ quanh quẩn ở nh&agrave;\n  qu&eacute;t dọn v&agrave; sinh con. Rồi chả bao l&acirc;u anh cặp bồ b&ecirc;n ngo&agrave;i,\n  chị kh&oacute;c ngất l&ecirc;n khuy&ecirc;n giải kh&ocirc;ng được đ&agrave;nh nghĩ\n  đến việc ly dị, nhưng nghĩ đến m&igrave;nh kh&ocirc;ng bằng cấp, kh&ocirc;ng việc\n  l&agrave;m, sống nhờ phụ cấp của chồng, lại nghe mọi người khuy&ecirc;n rằng đ&agrave;n\n  &ocirc;ng năm th&ecirc; bảy thiếp l&agrave; chuyện b&igrave;nh thường n&ecirc;n\n  cũng đ&agrave;nh nuốt nước mắt sống qua ng&agrave;y.</span></span></p>\\r\\n\\r\\n<p><span\n  style=\\\"font-size:14px\\\"><span style=\\\"font-family:times new roman,times,serif\\\">Nhưng\n  c&acirc;y muốn lặng m&agrave; gi&oacute; chẳng ngừng, một thời gian sau anh c&ocirc;ng\n  khai mang bạn g&aacute;i về, đ&oacute;i sống kiếp vợ cả vợ b&eacute;. Như ngọn n&uacute;i\n  lửa k&igrave;m n&eacute;n l&acirc;u ng&agrave;y tr&agrave;o ra, chị dứt kho&aacute;t\n  v&agrave; nhanh ch&oacute;ng&nbsp;<a href=\\\"http://blogtamsu.vn/tag/ly-hon\\\" style=\\\"margin:\n  0px; padding: 0px; text-rendering: optimizelegibility; text-decoration: none; color:\n  blue;\\\" target=\\\"_blank\\\" title=\\\"ly hôn\\\">ly h&ocirc;n</a>, gửi con cho mẹ đẻ,\n  cắn răng v&agrave;o miền Nam học việc từ c&ocirc; nh&acirc;n vi&ecirc;n cắt m&oacute;ng,\n  gội đầu. Một thời gian sau chị trở th&agrave;nh b&agrave; chủ của một salon c&oacute;\n  tiếng c&oacute; thể trang trải cho con v&agrave; ổn định cuộc sống của ch&iacute;nh\n  m&igrave;nh. Chả phải c&oacute; ai đ&oacute; đ&atilde; n&oacute;i đấy sao: H&atilde;y\n  cho phụ nữ một đ&ocirc;i gi&agrave;y vừa vặn, c&ocirc; &yacute; c&oacute; thể chinh\n  phục cả thế giới. Đ&agrave;n &ocirc;ng kh&ocirc;ng phải tấm v&eacute; to&agrave;n\n  năng đưa người phụ nữ đến hạnh ph&uacute;c m&agrave; l&agrave; ch&iacute;nh đ&ocirc;i\n  ch&acirc;n của họ.</span></span></p>\\r\\n\\r\\n<p><span style=\\\"font-size:14px\\\"><span\n  style=\\\"font-family:times new roman,times,serif\\\"><strong>Tự chủ v&agrave; ngọt\n  ng&agrave;o</strong></span></span></p>\\r\\n\\r\\n<p><span style=\\\"font-size:14px\\\"><span\n  style=\\\"font-family:times new roman,times,serif\\\">Phụ nữ đ&atilde; tốn h&agrave;ng\n  trăm năm để hỏi b&igrave;nh đằng giới v&agrave; nữ quyền. Nữ quyền ở đ&acirc;y kh&ocirc;ng\n  phải l&agrave; tr&egrave;o l&ecirc;n đầu nam giới, hống h&aacute;ch qu&aacute;t\n  th&aacute;o. Nữ quyền chỉ đơn giản l&agrave; bạn c&oacute; quyền quyết định cuộc\n  sống v&agrave; lựa chọn những điều l&agrave;m m&igrave;nh hạnh ph&uacute;c. V&igrave;\n  vậy đừng t&ugrave;y tiện v&agrave; cẩu thả ph&oacute; mặc n&oacute; cho một người\n  đ&agrave;n &ocirc;ng.</span></span></p>\\r\\n\\r\\n<p><span style=\\\"font-size:14px\\\"><span\n  style=\\\"font-family:times new roman,times,serif\\\">Tuy nhi&ecirc;n đ&agrave;n &ocirc;ng\n  vẫn l&agrave; một mảnh gh&eacute;p v&ocirc; c&ugrave;ng quan trọng trong bức tranh\n  hạnh ph&uacute;c của người phụ nữ, vậy n&ecirc;n tự chủ ở đ&acirc;y l&agrave; khi\n  thấy một th&acirc;n c&acirc;y kh&ocirc;ng đủ vững chắc để tựa v&agrave;o th&igrave;\n  c&oacute; thể mạnh mẽ đứng dậy bước tiếp, đủ dũng cảm viết một dấu chấm cho cuộc\n  h&ocirc;n nh&acirc;n kh&ocirc;ng hạnh ph&uacute;c, kh&ocirc;ng chằm chằm nh&igrave;n\n  v&agrave;o điện thoại kh&oacute;c nức nở khi người ấy kh&ocirc;ng gọi điện, hoặc\n  đơn giản nhất l&agrave; khi ch&agrave;ng trai của bạn bận, thay v&igrave; thao thức\n  v&agrave; chờ đợi th&igrave; c&oacute; thể chui v&agrave;o chiếc &aacute;o của anh\n  ấy, cuốn n&oacute; quanh m&igrave;nh v&agrave; mỉm cười, ngủ thật ngon.</span></span></p>\\r\\n\\r\\n<p><span\n  style=\\\"font-size:14px\\\"><span style=\\\"font-family:times new roman,times,serif\\\">Bạn\n  biết kh&ocirc;ng? Một c&ocirc; g&aacute;i độc lập v&agrave; mạnh mẽ l&agrave; m&oacute;n\n  qu&agrave; ngọt ng&agrave;o nhất thượng đế trao cho ch&iacute;nh c&ocirc; ấy v&agrave;\n  ch&agrave;ng trai của m&igrave;nh.</span></span></p>\\r\\n\"\nimage: b12.jpg\nblogger_id: 2\nstatus: Duyệt\nauthor: Giadinhonline\ncreated_at: 2015-01-11 10:09:13.000000000 Z\nupdated_at: 2015-01-12 09:30:18.000000000 Z\n','2015-01-12 09:31:25'),(12,'Article',71,'create','1',NULL,'2015-01-12 09:40:46'),(13,'Article',71,'update','1','---\nid: 71\ntitle: Hành trình Hòa Minzy chinh phục trái tim Công Phượng\ndescription: Từ một người hâm mộ, nữ ca sĩ gốc Bắc Ninh dần nảy sinh tình cảm với\n  CP10 sau những lần gặp gỡ.\ncontent: \"<p>Cộng đồng fan b&oacute;ng đ&aacute;, đặc biệt l&agrave; fan của U19,\n  đang l&ecirc;n cơn sốt về việc c&ocirc; ca sĩ trẻ H&ograve;a Minzy c&ocirc;ng bố\n  t&igrave;nh y&ecirc;u với C&ocirc;ng Phượng qua bức ảnh hai người h&ocirc;n nhau.\n  Tấm ảnh thể hiện t&igrave;nh y&ecirc;u say đắm của CP10 với H&ograve;a Minzy xuất\n  hiện kh&aacute; bất ngờ. Tuy nhi&ecirc;n với nhiều người biết về cặp đ&ocirc;i n&agrave;y,\n  đ&acirc;y lại l&agrave; &ldquo;điều g&igrave; đến th&igrave; phải đến&rdquo;.</p>\\r\\n\\r\\n<p>C&aacute;i\n  t&ecirc;n H&ograve;a Minzy &ndash; qu&aacute;n qu&acirc;n Học viện ng&ocirc;i sao\n  bắt đầu xuất hiện trong l&agrave;ng b&oacute;ng đ&aacute; từ th&aacute;ng 9/2014.\n  Thời điểm bấy giờ, c&ocirc; ca sĩ sinh năm 1995 (bằng tuổi CP10) ra s&acirc;n Mỹ\n  Đ&igrave;nh cổ vũ cho U19 Việt Nam v&agrave; C&ocirc;ng Phượng ở giải U19 Đ&ocirc;ng\n  Nam &Aacute;. Bấy giờ, H&ograve;a Minzy tiết lộ c&ocirc; l&agrave; fan của tuyển\n  U19 Việt Nam v&agrave; đặc biệt h&acirc;m mộ C&ocirc;ng Phượng chứ chưa khẳng định\n  c&oacute; mối quan hệ n&agrave;o với tiền đạo người Nghệ An.</p>\\r\\n\\r\\n<p>T&ecirc;n\n  của c&ocirc; ca sĩ gốc Bắc Ninh tiếp tục được nhắc đến b&ecirc;n cạnh CP10 nhiều\n  hơn sau đ&oacute;. Cuối th&aacute;ng 10, H&ograve;a Minzy xuất hiện tại Cần Thơ\n  cổ vũ cho&nbsp;C&ocirc;ng Phượng v&agrave;&nbsp;U19 HAGL. Kh&ocirc;ng r&otilde;\n  v&ocirc; t&igrave;nh hay hữu &yacute;, H&ograve;a Minzy ở c&ugrave;ng kh&aacute;ch\n  sạn với U19 HAGL v&agrave; thường xuy&ecirc;n chạm mặt C&ocirc;ng Phượng.&nbsp;</p>\\r\\n\\r\\n<p>Ngay\n  trước trận chung kết ng&agrave;y 28/10, H&ograve;a Minzy chủ động l&ecirc;n tận\n  ph&ograve;ng của tiền đạo xứ Nghệ, đứng trước cửa h&aacute;t tặng anh b&agrave;i\n  &ldquo;Chắc ai đ&oacute; sẽ về&rdquo;. Từ th&ocirc;ng tin n&agrave;y, nhiều fan\n  đ&atilde; đồn đo&aacute;n cả hai c&oacute; t&igrave;nh cảm đặc biệt với nhau v&agrave;\n  tr&aacute;i tim CP10 bắt đầu c&oacute; người &ldquo;quản l&yacute;&rdquo;. CP10\n  im lặng, c&ograve;n H&ograve;a Minzy cho biết hai người chỉ l&agrave; bạn b&egrave;\n  b&igrave;nh thường.</p>\\r\\n\\r\\n<p><img alt=\\\"HOA-MINZY-LEN-GIA-LAI-CO-VU-CP-7139-7474\\\"\n  src=\\\"http://c1.f21.img.vnecdn.net/2015/01/12/HOA-MINZY-LEN-GIA-LAI-CO-VU-CP-7139-7474-1421034777.jpg\\\"\n  /></p>\\r\\n\"\nadmin_user_id: 1\nimage: a1.jpg\nstatus_id: 2\nauthor: Giải Trí\ncreated_at: 2015-01-12 09:40:46.000000000 Z\nupdated_at: 2015-01-12 09:40:46.000000000 Z\n','2015-01-12 09:41:13'),(14,'Article',71,'update','1','---\nid: 71\ntitle: Hành trình Hòa Minzy chinh phục trái tim Công Phượng\ndescription: Từ một người hâm mộ, nữ ca sĩ gốc Bắc Ninh dần nảy sinh tình cảm với\n  CP10 sau những lần gặp gỡ.\ncontent: \"<p>Cộng đồng fan b&oacute;ng đ&aacute;, đặc biệt l&agrave; fan của U19,\n  đang l&ecirc;n cơn sốt về việc c&ocirc; ca sĩ trẻ H&ograve;a Minzy c&ocirc;ng bố\n  t&igrave;nh y&ecirc;u với C&ocirc;ng Phượng qua bức ảnh hai người h&ocirc;n nhau.\n  Tấm ảnh thể hiện t&igrave;nh y&ecirc;u say đắm của CP10 với H&ograve;a Minzy xuất\n  hiện kh&aacute; bất ngờ. Tuy nhi&ecirc;n với nhiều người biết về cặp đ&ocirc;i n&agrave;y,\n  đ&acirc;y lại l&agrave; &ldquo;điều g&igrave; đến th&igrave; phải đến&rdquo;.</p>\\r\\n\\r\\n<p>C&aacute;i\n  t&ecirc;n H&ograve;a Minzy &ndash; qu&aacute;n qu&acirc;n Học viện ng&ocirc;i sao\n  bắt đầu xuất hiện trong l&agrave;ng b&oacute;ng đ&aacute; từ th&aacute;ng 9/2014.\n  Thời điểm bấy giờ, c&ocirc; ca sĩ sinh năm 1995 (bằng tuổi CP10) ra s&acirc;n Mỹ\n  Đ&igrave;nh cổ vũ cho U19 Việt Nam v&agrave; C&ocirc;ng Phượng ở giải U19 Đ&ocirc;ng\n  Nam &Aacute;. Bấy giờ, H&ograve;a Minzy tiết lộ c&ocirc; l&agrave; fan của tuyển\n  U19 Việt Nam v&agrave; đặc biệt h&acirc;m mộ C&ocirc;ng Phượng chứ chưa khẳng định\n  c&oacute; mối quan hệ n&agrave;o với tiền đạo người Nghệ An.</p>\\r\\n\\r\\n<p>T&ecirc;n\n  của c&ocirc; ca sĩ gốc Bắc Ninh tiếp tục được nhắc đến b&ecirc;n cạnh CP10 nhiều\n  hơn sau đ&oacute;. Cuối th&aacute;ng 10, H&ograve;a Minzy xuất hiện tại Cần Thơ\n  cổ vũ cho&nbsp;C&ocirc;ng Phượng v&agrave;&nbsp;U19 HAGL. Kh&ocirc;ng r&otilde;\n  v&ocirc; t&igrave;nh hay hữu &yacute;, H&ograve;a Minzy ở c&ugrave;ng kh&aacute;ch\n  sạn với U19 HAGL v&agrave; thường xuy&ecirc;n chạm mặt C&ocirc;ng Phượng.&nbsp;</p>\\r\\n\\r\\n<p>Ngay\n  trước trận chung kết ng&agrave;y 28/10, H&ograve;a Minzy chủ động l&ecirc;n tận\n  ph&ograve;ng của tiền đạo xứ Nghệ, đứng trước cửa h&aacute;t tặng anh b&agrave;i\n  &ldquo;Chắc ai đ&oacute; sẽ về&rdquo;. Từ th&ocirc;ng tin n&agrave;y, nhiều fan\n  đ&atilde; đồn đo&aacute;n cả hai c&oacute; t&igrave;nh cảm đặc biệt với nhau v&agrave;\n  tr&aacute;i tim CP10 bắt đầu c&oacute; người &ldquo;quản l&yacute;&rdquo;. CP10\n  im lặng, c&ograve;n H&ograve;a Minzy cho biết hai người chỉ l&agrave; bạn b&egrave;\n  b&igrave;nh thường.</p>\\r\\n\\r\\n<p><img alt=\\\"HOA-MINZY-LEN-GIA-LAI-CO-VU-CP-7139-7474\\\"\n  src=\\\"http://c1.f21.img.vnecdn.net/2015/01/12/HOA-MINZY-LEN-GIA-LAI-CO-VU-CP-7139-7474-1421034777.jpg\\\"\n  /></p>\\r\\n\\r\\n<p>Đầu th&aacute;ng 12/2014, H&ograve;a Minzy bất ngờ l&ecirc;n thăm\n  C&ocirc;ng Phượng tr&ecirc;n Gia Lai. C&ocirc; được đồng đội của Phượng l&agrave;\n  thủ m&ocirc;n Văn Tiến đ&oacute;n từ cổng học viện rồi dẫn c&ocirc; đi thăm quan,\n  sau đ&oacute; gặp gỡ CP10. Cất c&ocirc;ng l&ecirc;n tận Pleiku chỉ để xem Phượng\n  c&ugrave;ng c&aacute;c đồng đội đ&aacute; giao hữu trước thềm V-League, c&aacute;c\n  fan c&agrave;ng th&ecirc;m khẳng định cả hai đang y&ecirc;u nhau.</p>\\r\\n\\r\\n<p>Thời\n  gian gần đ&acirc;y, tr&ecirc;n trang c&aacute; nh&acirc;n, H&ograve;a Minzy thường\n  đăng những tấm h&igrave;nh về cặp C&ocirc;ng Vinh &ndash; Thủy Ti&ecirc;n - cặp\n  đ&ocirc;i kết hợp giữa giới b&oacute;ng đ&aacute; v&agrave; showbiz được nhiều ngưỡng\n  mộ. Tiếp đến l&agrave; bức h&igrave;nh đ&ocirc;i trai g&aacute;i nắm tay nhau v&agrave;\n  cư d&acirc;n mạng kh&ocirc;ng kh&oacute; để nhận biết nh&acirc;n vật nam giấu mặt\n  ch&iacute;nh l&agrave; C&ocirc;ng Phượng. H&igrave;nh ảnh về một đ&ocirc;i &ldquo;Becks\n  &ndash; Vic&rdquo; mới dần xuất hiện, giữa hai ng&ocirc;i sao trẻ c&ugrave;ng sinh\n  năm 1995.</p>\\r\\n\"\nadmin_user_id: 1\nimage: a1.jpg\nstatus_id: 2\nauthor: Giải Trí\ncreated_at: 2015-01-12 09:40:46.000000000 Z\nupdated_at: 2015-01-12 09:41:13.000000000 Z\n','2015-01-12 09:41:21');
/*!40000 ALTER TABLE `versions` ENABLE KEYS */;
UNLOCK TABLES;
/*!40103 SET TIME_ZONE=@OLD_TIME_ZONE */;

/*!40101 SET SQL_MODE=@OLD_SQL_MODE */;
/*!40014 SET FOREIGN_KEY_CHECKS=@OLD_FOREIGN_KEY_CHECKS */;
/*!40014 SET UNIQUE_CHECKS=@OLD_UNIQUE_CHECKS */;
/*!40101 SET CHARACTER_SET_CLIENT=@OLD_CHARACTER_SET_CLIENT */;
/*!40101 SET CHARACTER_SET_RESULTS=@OLD_CHARACTER_SET_RESULTS */;
/*!40101 SET COLLATION_CONNECTION=@OLD_COLLATION_CONNECTION */;
/*!40111 SET SQL_NOTES=@OLD_SQL_NOTES */;

-- Dump completed on 2015-01-13 14:41:20
